mV','seconds'
-0.115,0
-0.115,0.002
-0.12,0.004
-0.12,0.006
-0.12,0.008
-0.12,0.01
-0.12,0.012
-0.115,0.014
-0.115,0.016
-0.115,0.018
-0.11,0.02
-0.11,0.022
-0.11,0.024
-0.11,0.026
-0.105,0.028
-0.105,0.03
-0.105,0.032
-0.105,0.034
-0.1,0.036
-0.1,0.038
-0.1,0.04
-0.1,0.042
-0.1,0.044
-0.1,0.046
-0.1,0.048
-0.1,0.05
-0.1,0.052
-0.095,0.054
-0.095,0.056
-0.095,0.058
-0.095,0.06
-0.09,0.062
-0.09,0.064
-0.09,0.066
-0.09,0.068
-0.085,0.07
-0.085,0.072
-0.085,0.074
-0.085,0.076
-0.085,0.078
-0.08,0.08
-0.08,0.082
-0.075,0.084
-0.07,0.086
-0.07,0.088
-0.065,0.09
-0.065,0.092
-0.06,0.094
-0.06,0.096
-0.06,0.098
-0.06,0.1
-0.065,0.102
-0.065,0.104
-0.06,0.106
-0.06,0.108
-0.055,0.11
-0.05,0.112
-0.05,0.114
-0.045,0.116
-0.04,0.118
-0.035,0.12
-0.03,0.122
-0.025,0.124
-0.02,0.126
-0.01,0.128
-0.005,0.13
0.005,0.132
0.01,0.134
0.02,0.136
0.025,0.138
0.025,0.14
0.03,0.142
0.03,0.144
0.03,0.146
0.035,0.148
0.035,0.15
0.04,0.152
0.045,0.154
0.055,0.156
0.065,0.158
0.075,0.16
0.085,0.162
0.095,0.164
0.1,0.166
0.105,0.168
0.11,0.17
0.115,0.172
0.12,0.174
0.125,0.176
0.125,0.178
0.125,0.18
0.125,0.182
0.125,0.184
0.12,0.186
0.12,0.188
0.115,0.19
0.11,0.192
0.105,0.194
0.105,0.196
0.1,0.198
0.1,0.2
0.1,0.202
0.1,0.204
0.095,0.206
0.09,0.208
0.085,0.21
0.075,0.212
0.065,0.214
0.05,0.216
0.04,0.218
0.025,0.22
0.015,0.222
0.01,0.224
0,0.226
-0.005,0.228
-0.01,0.23
-0.015,0.232
-0.02,0.234
-0.025,0.236
-0.035,0.238
-0.045,0.24
-0.055,0.242
-0.06,0.244
-0.065,0.246
-0.065,0.248
-0.06,0.25
-0.05,0.252
-0.035,0.254
-0.015,0.256
0,0.258
0.015,0.26
0.025,0.262
0.03,0.264
0.035,0.266
0.035,0.268
0.03,0.27
0.025,0.272
0.025,0.274
0.025,0.276
0.025,0.278
0.03,0.28
0.03,0.282
0.035,0.284
0.04,0.286
0.045,0.288
0.05,0.29
0.05,0.292
0.05,0.294
0.05,0.296
0.055,0.298
0.055,0.3
0.06,0.302
0.06,0.304
0.065,0.306
0.065,0.308
0.07,0.31
0.07,0.312
0.07,0.314
0.07,0.316
0.07,0.318
0.065,0.32
0.065,0.322
0.065,0.324
0.06,0.326
0.06,0.328
0.06,0.33
0.065,0.332
0.065,0.334
0.07,0.336
0.07,0.338
0.07,0.34
0.075,0.342
0.075,0.344
0.075,0.346
0.075,0.348
0.07,0.35
0.07,0.352
0.07,0.354
0.07,0.356
0.065,0.358
0.065,0.36
0.065,0.362
0.065,0.364
0.065,0.366
0.065,0.368
0.06,0.37
0.06,0.372
0.06,0.374
0.065,0.376
0.065,0.378
0.065,0.38
0.07,0.382
0.07,0.384
0.075,0.386
0.075,0.388
0.075,0.39
0.075,0.392
0.07,0.394
0.07,0.396
0.065,0.398
0.065,0.4
0.06,0.402
0.055,0.404
0.055,0.406
0.055,0.408
0.05,0.41
0.05,0.412
0.05,0.414
0.05,0.416
0.05,0.418
0.045,0.42
0.045,0.422
0.045,0.424
0.04,0.426
0.035,0.428
0.035,0.43
0.03,0.432
0.03,0.434
0.025,0.436
0.025,0.438
0.03,0.44
0.03,0.442
0.035,0.444
0.04,0.446
0.045,0.448
0.045,0.45
0.045,0.452
0.045,0.454
0.045,0.456
0.045,0.458
0.045,0.46
0.045,0.462
0.05,0.464
0.05,0.466
0.05,0.468
0.05,0.47
0.045,0.472
0.04,0.474
0.035,0.476
0.03,0.478
0.02,0.48
0.02,0.482
0.02,0.484
0.02,0.486
0.025,0.488
0.035,0.49
0.04,0.492
0.04,0.494
0.045,0.496
0.045,0.498
0.04,0.5
0.035,0.502
0.03,0.504
0.025,0.506
0.025,0.508
0.03,0.51
0.03,0.512
0.035,0.514
0.045,0.516
0.05,0.518
0.055,0.52
0.06,0.522
0.06,0.524
0.06,0.526
0.065,0.528
0.06,0.53
0.06,0.532
0.06,0.534
0.055,0.536
0.055,0.538
0.05,0.54
0.045,0.542
0.045,0.544
0.04,0.546
0.045,0.548
0.05,0.55
0.055,0.552
0.06,0.554
0.07,0.556
0.075,0.558
0.08,0.56
0.085,0.562
0.08,0.564
0.075,0.566
0.07,0.568
0.065,0.57
0.055,0.572
0.05,0.574
0.045,0.576
0.04,0.578
0.04,0.58
0.035,0.582
0.03,0.584
0.02,0.586
0.015,0.588
0.01,0.59
0.01,0.592
0.005,0.594
0.005,0.596
0.01,0.598
0.015,0.6
0.015,0.602
0.02,0.604
0.02,0.606
0.02,0.608
0.02,0.61
0.02,0.612
0.015,0.614
0.015,0.616
0.015,0.618
0.01,0.62
0.01,0.622
0.005,0.624
0.005,0.626
0,0.628
-0.005,0.63
-0.01,0.632
-0.01,0.634
-0.01,0.636
-0.01,0.638
-0.01,0.64
-0.01,0.642
-0.01,0.644
-0.01,0.646
-0.015,0.648
-0.015,0.65
-0.02,0.652
-0.025,0.654
-0.03,0.656
-0.03,0.658
-0.03,0.66
-0.03,0.662
-0.03,0.664
-0.025,0.666
-0.025,0.668
-0.03,0.67
-0.035,0.672
-0.04,0.674
-0.045,0.676
-0.045,0.678
-0.035,0.68
-0.015,0.682
0.025,0.684
0.075,0.686
0.14,0.688
0.22,0.69
0.305,0.692
0.39,0.694
0.47,0.696
0.535,0.698
0.59,0.7
0.62,0.702
0.625,0.704
0.6,0.706
0.555,0.708
0.485,0.71
0.395,0.712
0.295,0.714
0.19,0.716
0.09,0.718
0,0.72
-0.07,0.722
-0.12,0.724
-0.145,0.726
-0.15,0.728
-0.14,0.73
-0.115,0.732
-0.09,0.734
-0.06,0.736
-0.04,0.738
-0.025,0.74
-0.015,0.742
-0.015,0.744
-0.02,0.746
-0.025,0.748
-0.035,0.75
-0.035,0.752
-0.04,0.754
-0.04,0.756
-0.04,0.758
-0.04,0.76
-0.035,0.762
-0.035,0.764
-0.035,0.766
-0.04,0.768
-0.04,0.77
-0.04,0.772
-0.045,0.774
-0.045,0.776
-0.045,0.778
-0.045,0.78
-0.045,0.782
-0.045,0.784
-0.04,0.786
-0.04,0.788
-0.035,0.79
-0.03,0.792
-0.03,0.794
-0.025,0.796
-0.025,0.798
-0.025,0.8
-0.025,0.802
-0.025,0.804
-0.025,0.806
-0.025,0.808
-0.025,0.81
-0.03,0.812
-0.03,0.814
-0.03,0.816
-0.03,0.818
-0.025,0.82
-0.025,0.822
-0.02,0.824
-0.02,0.826
-0.015,0.828
-0.01,0.83
-0.01,0.832
-0.01,0.834
-0.01,0.836
-0.01,0.838
-0.01,0.84
-0.01,0.842
-0.01,0.844
-0.01,0.846
-0.005,0.848
0,0.85
0.005,0.852
0.01,0.854
0.015,0.856
0.02,0.858
0.025,0.86
0.025,0.862
0.03,0.864
0.03,0.866
0.035,0.868
0.04,0.87
0.045,0.872
0.05,0.874
0.055,0.876
0.065,0.878
0.07,0.88
0.07,0.882
0.075,0.884
0.075,0.886
0.075,0.888
0.075,0.89
0.075,0.892
0.08,0.894
0.085,0.896
0.09,0.898
0.095,0.9
0.105,0.902
0.115,0.904
0.12,0.906
0.13,0.908
0.135,0.91
0.14,0.912
0.14,0.914
0.145,0.916
0.145,0.918
0.145,0.92
0.145,0.922
0.145,0.924
0.15,0.926
0.15,0.928
0.155,0.93
0.16,0.932
0.165,0.934
0.17,0.936
0.175,0.938
0.175,0.94
0.17,0.942
0.165,0.944
0.155,0.946
0.14,0.948
0.13,0.95
0.12,0.952
0.115,0.954
0.11,0.956
0.105,0.958
0.1,0.96
0.095,0.962
0.085,0.964
0.075,0.966
0.06,0.968
0.045,0.97
0.03,0.972
0.015,0.974
0.005,0.976
-0.005,0.978
-0.005,0.98
-0.005,0.982
-0.005,0.984
-0.005,0.986
-0.005,0.988
-0.01,0.99
-0.015,0.992
-0.025,0.994
-0.035,0.996
-0.04,0.998
-0.045,1
-0.05,1.002
-0.05,1.004
-0.05,1.006
-0.045,1.008
-0.05,1.01
-0.05,1.012
-0.055,1.014
-0.06,1.016
-0.07,1.018
-0.075,1.02
-0.075,1.022
-0.08,1.024
-0.08,1.026
-0.075,1.028
-0.07,1.03
-0.065,1.032
-0.06,1.034
-0.06,1.036
-0.055,1.038
-0.055,1.04
-0.055,1.042
-0.055,1.044
-0.055,1.046
-0.055,1.048
-0.055,1.05
-0.055,1.052
-0.055,1.054
-0.06,1.056
-0.06,1.058
-0.065,1.06
-0.065,1.062
-0.065,1.064
-0.065,1.066
-0.06,1.068
-0.06,1.07
-0.055,1.072
-0.055,1.074
-0.055,1.076
-0.05,1.078
-0.055,1.08
-0.055,1.082
-0.055,1.084
-0.06,1.086
-0.06,1.088
-0.06,1.09
-0.06,1.092
-0.06,1.094
-0.06,1.096
-0.065,1.098
-0.065,1.1
-0.065,1.102
-0.07,1.104
-0.07,1.106
-0.07,1.108
-0.07,1.11
-0.065,1.112
-0.065,1.114
-0.06,1.116
-0.055,1.118
-0.055,1.12
-0.05,1.122
-0.055,1.124
-0.055,1.126
-0.055,1.128
-0.06,1.13
-0.06,1.132
-0.06,1.134
-0.06,1.136
-0.055,1.138
-0.055,1.14
-0.05,1.142
-0.045,1.144
-0.04,1.146
-0.04,1.148
-0.035,1.15
-0.035,1.152
-0.035,1.154
-0.035,1.156
-0.035,1.158
-0.035,1.16
-0.035,1.162
-0.035,1.164
-0.035,1.166
-0.03,1.168
-0.03,1.17
-0.03,1.172
-0.035,1.174
-0.035,1.176
-0.035,1.178
-0.04,1.18
-0.045,1.182
-0.045,1.184
-0.05,1.186
-0.05,1.188
-0.05,1.19
-0.05,1.192
-0.05,1.194
-0.05,1.196
-0.05,1.198
-0.05,1.2
-0.05,1.202
-0.055,1.204
-0.055,1.206
-0.06,1.208
-0.06,1.21
-0.065,1.212
-0.065,1.214
-0.065,1.216
-0.06,1.218
-0.06,1.22
-0.06,1.222
-0.06,1.224
-0.06,1.226
-0.06,1.228
-0.06,1.23
-0.06,1.232
-0.06,1.234
-0.06,1.236
-0.06,1.238
-0.06,1.24
-0.055,1.242
-0.05,1.244
-0.05,1.246
-0.045,1.248
-0.045,1.25
-0.04,1.252
-0.04,1.254
-0.04,1.256
-0.035,1.258
-0.035,1.26
-0.03,1.262
-0.03,1.264
-0.025,1.266
-0.025,1.268
-0.02,1.27
-0.02,1.272
-0.02,1.274
-0.02,1.276
-0.02,1.278
-0.02,1.28
-0.02,1.282
-0.025,1.284
-0.025,1.286
-0.03,1.288
-0.03,1.29
-0.035,1.292
-0.035,1.294
-0.035,1.296
-0.03,1.298
-0.03,1.3
-0.025,1.302
-0.015,1.304
-0.01,1.306
-0.005,1.308
0,1.31
0,1.312
0,1.314
0,1.316
-0.005,1.318
-0.01,1.32
-0.015,1.322
-0.02,1.324
-0.025,1.326
-0.03,1.328
-0.035,1.33
-0.04,1.332
-0.045,1.334
-0.055,1.336
-0.06,1.338
-0.07,1.34
-0.075,1.342
-0.08,1.344
-0.08,1.346
-0.08,1.348
-0.08,1.35
-0.075,1.352
-0.075,1.354
-0.075,1.356
-0.075,1.358
-0.075,1.36
-0.075,1.362
-0.075,1.364
-0.075,1.366
-0.075,1.368
-0.075,1.37
-0.075,1.372
-0.075,1.374
-0.08,1.376
-0.08,1.378
-0.085,1.38
-0.09,1.382
-0.095,1.384
-0.095,1.386
-0.095,1.388
-0.095,1.39
-0.09,1.392
-0.085,1.394
-0.085,1.396
-0.085,1.398
-0.085,1.4
-0.09,1.402
-0.095,1.404
-0.1,1.406
-0.105,1.408
-0.105,1.41
-0.105,1.412
-0.105,1.414
-0.105,1.416
-0.105,1.418
-0.11,1.42
-0.115,1.422
-0.125,1.424
-0.13,1.426
-0.13,1.428
-0.12,1.43
-0.095,1.432
-0.055,1.434
-0.005,1.436
0.06,1.438
0.14,1.44
0.225,1.442
0.31,1.444
0.395,1.446
0.47,1.448
0.53,1.45
0.575,1.452
0.595,1.454
0.59,1.456
0.555,1.458
0.495,1.46
0.41,1.462
0.31,1.464
0.2,1.466
0.085,1.468
-0.015,1.47
-0.095,1.472
-0.15,1.474
-0.18,1.476
-0.185,1.478
-0.17,1.48
-0.14,1.482
-0.11,1.484
-0.08,1.486
-0.06,1.488
-0.055,1.49
-0.055,1.492
-0.065,1.494
-0.075,1.496
-0.085,1.498
-0.095,1.5
-0.1,1.502
-0.1,1.504
-0.095,1.506
-0.09,1.508
-0.085,1.51
-0.085,1.512
-0.08,1.514
-0.08,1.516
-0.08,1.518
-0.08,1.52
-0.08,1.522
-0.08,1.524
-0.075,1.526
-0.07,1.528
-0.07,1.53
-0.065,1.532
-0.065,1.534
-0.065,1.536
-0.07,1.538
-0.07,1.54
-0.07,1.542
-0.065,1.544
-0.065,1.546
-0.06,1.548
-0.055,1.55
-0.05,1.552
-0.045,1.554
-0.045,1.556
-0.04,1.558
-0.04,1.56
-0.035,1.562
-0.035,1.564
-0.03,1.566
-0.025,1.568
-0.025,1.57
-0.02,1.572
-0.015,1.574
-0.015,1.576
-0.015,1.578
-0.015,1.58
-0.02,1.582
-0.02,1.584
-0.02,1.586
-0.02,1.588
-0.02,1.59
-0.015,1.592
-0.01,1.594
-0.005,1.596
0.005,1.598
0.01,1.6
0.015,1.602
0.02,1.604
0.02,1.606
0.02,1.608
0.02,1.61
0.02,1.612
0.015,1.614
0.015,1.616
0.01,1.618
0.01,1.62
0.015,1.622
0.02,1.624
0.025,1.626
0.035,1.628
0.045,1.63
0.06,1.632
0.07,1.634
0.075,1.636
0.085,1.638
0.09,1.64
0.095,1.642
0.1,1.644
0.105,1.646
0.11,1.648
0.115,1.65
0.125,1.652
0.13,1.654
0.14,1.656
0.145,1.658
0.155,1.66
0.16,1.662
0.16,1.664
0.165,1.666
0.165,1.668
0.165,1.67
0.17,1.672
0.175,1.674
0.175,1.676
0.175,1.678
0.175,1.68
0.175,1.682
0.17,1.684
0.165,1.686
0.155,1.688
0.15,1.69
0.145,1.692
0.14,1.694
0.14,1.696
0.14,1.698
0.14,1.7
0.14,1.702
0.135,1.704
0.13,1.706
0.12,1.708
0.11,1.71
0.09,1.712
0.075,1.714
0.06,1.716
0.045,1.718
0.035,1.72
0.03,1.722
0.03,1.724
0.025,1.726
0.025,1.728
0.02,1.73
0.02,1.732
0.01,1.734
0,1.736
-0.01,1.738
-0.02,1.74
-0.03,1.742
-0.035,1.744
-0.04,1.746
-0.045,1.748
-0.045,1.75
-0.045,1.752
-0.045,1.754
-0.05,1.756
-0.05,1.758
-0.055,1.76
-0.06,1.762
-0.06,1.764
-0.065,1.766
-0.065,1.768
-0.07,1.77
-0.07,1.772
-0.065,1.774
-0.065,1.776
-0.06,1.778
-0.06,1.78
-0.06,1.782
-0.055,1.784
-0.055,1.786
-0.06,1.788
-0.06,1.79
-0.06,1.792
-0.06,1.794
-0.06,1.796
-0.06,1.798
-0.065,1.8
-0.065,1.802
-0.065,1.804
-0.065,1.806
-0.065,1.808
-0.07,1.81
-0.07,1.812
-0.07,1.814
-0.075,1.816
-0.075,1.818
-0.08,1.82
-0.085,1.822
-0.09,1.824
-0.09,1.826
-0.095,1.828
-0.095,1.83
-0.095,1.832
-0.09,1.834
-0.085,1.836
-0.08,1.838
-0.075,1.84
-0.07,1.842
-0.065,1.844
-0.065,1.846
-0.065,1.848
-0.065,1.85
-0.065,1.852
-0.07,1.854
-0.07,1.856
-0.07,1.858
-0.065,1.86
-0.065,1.862
-0.06,1.864
-0.06,1.866
-0.055,1.868
-0.055,1.87
-0.06,1.872
-0.06,1.874
-0.065,1.876
-0.065,1.878
-0.07,1.88
-0.07,1.882
-0.075,1.884
-0.075,1.886
-0.075,1.888
-0.075,1.89
-0.075,1.892
-0.075,1.894
-0.075,1.896
-0.075,1.898
-0.075,1.9
-0.08,1.902
-0.08,1.904
-0.08,1.906
-0.08,1.908
-0.08,1.91
-0.08,1.912
-0.08,1.914
-0.08,1.916
-0.08,1.918
-0.08,1.92
-0.08,1.922
-0.08,1.924
-0.085,1.926
-0.085,1.928
-0.085,1.93
-0.085,1.932
-0.09,1.934
-0.09,1.936
-0.095,1.938
-0.095,1.94
-0.1,1.942
-0.1,1.944
-0.1,1.946
-0.1,1.948
-0.1,1.95
-0.1,1.952
-0.1,1.954
-0.1,1.956
-0.1,1.958
-0.1,1.96
-0.105,1.962
-0.105,1.964
-0.11,1.966
-0.11,1.968
-0.11,1.97
-0.115,1.972
-0.115,1.974
-0.115,1.976
-0.115,1.978
-0.115,1.98
-0.115,1.982
-0.115,1.984
-0.115,1.986
-0.115,1.988
-0.11,1.99
-0.11,1.992
-0.11,1.994
-0.105,1.996
-0.105,1.998
-0.105,2
-0.11,2.002
-0.11,2.004
-0.115,2.006
-0.12,2.008
-0.12,2.01
-0.125,2.012
-0.12,2.014
-0.12,2.016
-0.11,2.018
-0.105,2.02
-0.1,2.022
-0.095,2.024
-0.09,2.026
-0.095,2.028
-0.1,2.03
-0.105,2.032
-0.11,2.034
-0.115,2.036
-0.12,2.038
-0.12,2.04
-0.12,2.042
-0.12,2.044
-0.115,2.046
-0.115,2.048
-0.115,2.05
-0.115,2.052
-0.11,2.054
-0.11,2.056
-0.105,2.058
-0.095,2.06
-0.085,2.062
-0.07,2.064
-0.055,2.066
-0.04,2.068
-0.025,2.07
-0.01,2.072
0,2.074
0.005,2.076
0.01,2.078
0.015,2.08
0.015,2.082
0.015,2.084
0.015,2.086
0.02,2.088
0.02,2.09
0.025,2.092
0.03,2.094
0.04,2.096
0.045,2.098
0.05,2.1
0.06,2.102
0.065,2.104
0.07,2.106
0.075,2.108
0.08,2.11
0.08,2.112
0.08,2.114
0.085,2.116
0.085,2.118
0.085,2.12
0.085,2.122
0.08,2.124
0.08,2.126
0.08,2.128
0.075,2.13
0.075,2.132
0.07,2.134
0.065,2.136
0.065,2.138
0.06,2.14
0.055,2.142
0.055,2.144
0.05,2.146
0.045,2.148
0.04,2.15
0.04,2.152
0.035,2.154
0.03,2.156
0.03,2.158
0.03,2.16
0.03,2.162
0.03,2.164
0.035,2.166
0.035,2.168
0.035,2.17
0.035,2.172
0.03,2.174
0.025,2.176
0.02,2.178
0.015,2.18
0.01,2.182
0.005,2.184
0,2.186
-0.005,2.188
-0.005,2.19
-0.005,2.192
-0.005,2.194
-0.005,2.196
0,2.198
0,2.2
0.005,2.202
0.005,2.204
0.01,2.206
0.01,2.208
0.005,2.21
0.005,2.212
0.005,2.214
0,2.216
0,2.218
0,2.22
0,2.222
-0.005,2.224
-0.005,2.226
-0.005,2.228
-0.01,2.23
-0.02,2.232
-0.025,2.234
-0.035,2.236
-0.04,2.238
-0.045,2.24
-0.04,2.242
-0.025,2.244
0,2.246
0.04,2.248
0.09,2.25
0.155,2.252
0.23,2.254
0.31,2.256
0.4,2.258
0.49,2.26
0.575,2.262
0.65,2.264
0.705,2.266
0.735,2.268
0.735,2.27
0.705,2.272
0.64,2.274
0.55,2.276
0.44,2.278
0.32,2.28
0.205,2.282
0.1,2.284
0.015,2.286
-0.045,2.288
-0.075,2.29
-0.085,2.292
-0.075,2.294
-0.055,2.296
-0.035,2.298
-0.01,2.3
0.005,2.302
0.01,2.304
0.015,2.306
0.015,2.308
0.015,2.31
0.015,2.312
0.02,2.314
0.025,2.316
0.03,2.318
0.03,2.32
0.035,2.322
0.035,2.324
0.03,2.326
0.025,2.328
0.02,2.33
0.015,2.332
0.01,2.334
0.01,2.336
0.015,2.338
0.02,2.34
0.025,2.342
0.03,2.344
0.03,2.346
0.035,2.348
0.03,2.35
0.03,2.352
0.025,2.354
0.025,2.356
0.025,2.358
0.02,2.36
0.02,2.362
0.02,2.364
0.02,2.366
0.02,2.368
0.02,2.37
0.02,2.372
0.02,2.374
0.02,2.376
0.02,2.378
0.025,2.38
0.025,2.382
0.03,2.384
0.035,2.386
0.04,2.388
0.04,2.39
0.045,2.392
0.045,2.394
0.045,2.396
0.045,2.398
0.045,2.4
0.04,2.402
0.04,2.404
0.04,2.406
0.045,2.408
0.045,2.41
0.045,2.412
0.05,2.414
0.05,2.416
0.05,2.418
0.055,2.42
0.055,2.422
0.06,2.424
0.065,2.426
0.07,2.428
0.075,2.43
0.08,2.432
0.085,2.434
0.09,2.436
0.09,2.438
0.095,2.44
0.095,2.442
0.095,2.444
0.1,2.446
0.105,2.448
0.11,2.45
0.12,2.452
0.13,2.454
0.14,2.456
0.15,2.458
0.165,2.46
0.17,2.462
0.18,2.464
0.185,2.466
0.185,2.468
0.19,2.47
0.19,2.472
0.19,2.474
0.19,2.476
0.19,2.478
0.195,2.48
0.2,2.482
0.205,2.484
0.205,2.486
0.21,2.488
0.215,2.49
0.215,2.492
0.215,2.494
0.21,2.496
0.205,2.498
0.2,2.5
0.195,2.502
0.19,2.504
0.185,2.506
0.185,2.508
0.18,2.51
0.175,2.512
0.17,2.514
0.16,2.516
0.15,2.518
0.135,2.52
0.12,2.522
0.105,2.524
0.09,2.526
0.075,2.528
0.065,2.53
0.055,2.532
0.05,2.534
0.045,2.536
0.045,2.538
0.04,2.54
0.03,2.542
0.025,2.544
0.015,2.546
0.005,2.548
-0.005,2.55
-0.015,2.552
-0.02,2.554
-0.025,2.556
-0.03,2.558
-0.03,2.56
-0.035,2.562
-0.035,2.564
-0.04,2.566
-0.05,2.568
-0.055,2.57
-0.06,2.572
-0.065,2.574
-0.065,2.576
-0.065,2.578
-0.065,2.58
-0.06,2.582
-0.06,2.584
-0.06,2.586
-0.065,2.588
-0.07,2.59
-0.075,2.592
-0.08,2.594
-0.09,2.596
-0.09,2.598
-0.09,2.6
-0.09,2.602
-0.085,2.604
-0.08,2.606
-0.075,2.608
-0.075,2.61
-0.075,2.612
-0.08,2.614
-0.085,2.616
-0.09,2.618
-0.095,2.62
-0.1,2.622
-0.1,2.624
-0.1,2.626
-0.1,2.628
-0.09,2.63
-0.085,2.632
-0.075,2.634
-0.07,2.636
-0.065,2.638
-0.06,2.64
-0.065,2.642
-0.065,2.644
-0.07,2.646
-0.075,2.648
-0.08,2.65
-0.085,2.652
-0.085,2.654
-0.09,2.656
-0.09,2.658
-0.09,2.66
-0.085,2.662
-0.085,2.664
-0.08,2.666
-0.08,2.668
-0.075,2.67
-0.075,2.672
-0.07,2.674
-0.07,2.676
-0.07,2.678
-0.07,2.68
-0.075,2.682
-0.075,2.684
-0.08,2.686
-0.085,2.688
-0.085,2.69
-0.085,2.692
-0.085,2.694
-0.085,2.696
-0.08,2.698
-0.08,2.7
-0.075,2.702
-0.075,2.704
-0.075,2.706
-0.075,2.708
-0.075,2.71
-0.08,2.712
-0.08,2.714
-0.08,2.716
-0.08,2.718
-0.08,2.72
-0.08,2.722
-0.08,2.724
-0.08,2.726
-0.085,2.728
-0.09,2.73
-0.09,2.732
-0.095,2.734
-0.095,2.736
-0.1,2.738
-0.1,2.74
-0.1,2.742
-0.095,2.744
-0.095,2.746
-0.095,2.748
-0.09,2.75
-0.09,2.752
-0.09,2.754
-0.09,2.756
-0.09,2.758
-0.095,2.76
-0.095,2.762
-0.095,2.764
-0.09,2.766
-0.09,2.768
-0.085,2.77
-0.08,2.772
-0.075,2.774
-0.07,2.776
-0.07,2.778
-0.065,2.78
-0.065,2.782
-0.065,2.784
-0.07,2.786
-0.075,2.788
-0.08,2.79
-0.09,2.792
-0.095,2.794
-0.095,2.796
-0.1,2.798
-0.095,2.8
-0.095,2.802
-0.09,2.804
-0.08,2.806
-0.08,2.808
-0.075,2.81
-0.075,2.812
-0.075,2.814
-0.08,2.816
-0.085,2.818
-0.085,2.82
-0.09,2.822
-0.095,2.824
-0.095,2.826
-0.095,2.828
-0.095,2.83
-0.095,2.832
-0.095,2.834
-0.095,2.836
-0.095,2.838
-0.1,2.84
-0.1,2.842
-0.1,2.844
-0.1,2.846
-0.1,2.848
-0.1,2.85
-0.1,2.852
-0.1,2.854
-0.1,2.856
-0.095,2.858
-0.095,2.86
-0.095,2.862
-0.09,2.864
-0.085,2.866
-0.085,2.868
-0.08,2.87
-0.075,2.872
-0.075,2.874
-0.07,2.876
-0.07,2.878
-0.075,2.88
-0.075,2.882
-0.08,2.884
-0.085,2.886
-0.09,2.888
-0.09,2.89
-0.09,2.892
-0.09,2.894
-0.09,2.896
-0.085,2.898
-0.085,2.9
-0.08,2.902
-0.08,2.904
-0.08,2.906
-0.08,2.908
-0.08,2.91
-0.08,2.912
-0.085,2.914
-0.085,2.916
-0.085,2.918
-0.08,2.92
-0.08,2.922
-0.08,2.924
-0.075,2.926
-0.075,2.928
-0.07,2.93
-0.07,2.932
-0.065,2.934
-0.065,2.936
-0.065,2.938
-0.065,2.94
-0.065,2.942
-0.065,2.944
-0.07,2.946
-0.075,2.948
-0.08,2.95
-0.08,2.952
-0.085,2.954
-0.085,2.956
-0.085,2.958
-0.08,2.96
-0.075,2.962
-0.075,2.964
-0.07,2.966
-0.07,2.968
-0.07,2.97
-0.07,2.972
-0.07,2.974
-0.07,2.976
-0.07,2.978
-0.065,2.98
-0.065,2.982
-0.06,2.984
-0.06,2.986
-0.055,2.988
-0.055,2.99
-0.055,2.992
-0.055,2.994
-0.055,2.996
-0.055,2.998
-0.055,3
-0.055,3.002
-0.055,3.004
-0.05,3.006
-0.05,3.008
-0.045,3.01
-0.045,3.012
-0.04,3.014
-0.04,3.016
-0.035,3.018
-0.03,3.02
-0.025,3.022
-0.02,3.024
-0.02,3.026
-0.015,3.028
-0.01,3.03
-0.005,3.032
-0.005,3.034
-0.005,3.036
-0.005,3.038
-0.005,3.04
-0.005,3.042
-0.01,3.044
-0.01,3.046
-0.01,3.048
-0.01,3.05
-0.01,3.052
-0.01,3.054
-0.01,3.056
-0.01,3.058
-0.015,3.06
-0.015,3.062
-0.02,3.064
-0.025,3.066
-0.03,3.068
-0.04,3.07
-0.045,3.072
-0.055,3.074
-0.06,3.076
-0.07,3.078
-0.075,3.08
-0.075,3.082
-0.08,3.084
-0.08,3.086
-0.075,3.088
-0.07,3.09
-0.07,3.092
-0.065,3.094
-0.06,3.096
-0.06,3.098
-0.055,3.1
-0.055,3.102
-0.06,3.104
-0.06,3.106
-0.065,3.108
-0.065,3.11
-0.07,3.112
-0.075,3.114
-0.075,3.116
-0.08,3.118
-0.085,3.12
-0.085,3.122
-0.085,3.124
-0.085,3.126
-0.085,3.128
-0.085,3.13
-0.085,3.132
-0.085,3.134
-0.085,3.136
-0.085,3.138
-0.085,3.14
-0.085,3.142
-0.08,3.144
-0.08,3.146
-0.075,3.148
-0.075,3.15
-0.07,3.152
-0.07,3.154
-0.07,3.156
-0.075,3.158
-0.08,3.16
-0.085,3.162
-0.09,3.164
-0.095,3.166
-0.095,3.168
-0.09,3.17
-0.08,3.172
-0.06,3.174
-0.03,3.176
0.015,3.178
0.07,3.18
0.135,3.182
0.215,3.184
0.305,3.186
0.395,3.188
0.485,3.19
0.56,3.192
0.625,3.194
0.665,3.196
0.67,3.198
0.65,3.2
0.59,3.202
0.505,3.204
0.4,3.206
0.28,3.208
0.165,3.21
0.055,3.212
-0.035,3.214
-0.1,3.216
-0.135,3.218
-0.15,3.22
-0.15,3.222
-0.135,3.224
-0.11,3.226
-0.09,3.228
-0.075,3.23
-0.06,3.232
-0.05,3.234
-0.045,3.236
-0.045,3.238
-0.04,3.24
-0.035,3.242
-0.03,3.244
-0.025,3.246
-0.02,3.248
-0.015,3.25
-0.015,3.252
-0.015,3.254
-0.02,3.256
-0.02,3.258
-0.025,3.26
-0.025,3.262
-0.025,3.264
-0.025,3.266
-0.025,3.268
-0.025,3.27
-0.02,3.272
-0.025,3.274
-0.025,3.276
-0.025,3.278
-0.025,3.28
-0.02,3.282
-0.02,3.284
-0.015,3.286
-0.015,3.288
-0.01,3.29
-0.01,3.292
-0.005,3.294
-0.005,3.296
-0.005,3.298
-0.005,3.3
-0.01,3.302
-0.01,3.304
-0.01,3.306
-0.005,3.308
-0.01,3.31
-0.01,3.312
-0.01,3.314
-0.01,3.316
-0.01,3.318
-0.01,3.32
-0.01,3.322
-0.01,3.324
-0.005,3.326
0,3.328
0.005,3.33
0.01,3.332
0.015,3.334
0.015,3.336
0.02,3.338
0.02,3.34
0.025,3.342
0.025,3.344
0.03,3.346
0.035,3.348
0.04,3.35
0.05,3.352
0.055,3.354
0.06,3.356
0.06,3.358
0.065,3.36
0.065,3.362
0.065,3.364
0.065,3.366
0.065,3.368
0.07,3.37
0.075,3.372
0.085,3.374
0.09,3.376
0.095,3.378
0.105,3.38
0.11,3.382
0.115,3.384
0.12,3.386
0.125,3.388
0.13,3.39
0.135,3.392
0.145,3.394
0.15,3.396
0.16,3.398
0.165,3.4
0.175,3.402
0.18,3.404
0.185,3.406
0.185,3.408
0.19,3.41
0.195,3.412
0.195,3.414
0.2,3.416
0.205,3.418
0.21,3.42
0.21,3.422
0.215,3.424
0.22,3.426
0.225,3.428
0.225,3.43
0.225,3.432
0.22,3.434
0.215,3.436
0.205,3.438
0.195,3.44
0.18,3.442
0.17,3.444
0.155,3.446
0.145,3.448
0.14,3.45
0.135,3.452
0.135,3.454
0.135,3.456
0.135,3.458
0.13,3.46
0.125,3.462
0.115,3.464
0.1,3.466
0.08,3.468
0.065,3.47
0.045,3.472
0.03,3.474
0.02,3.476
0.015,3.478
0.015,3.48
0.015,3.482
0.015,3.484
0.015,3.486
0.015,3.488
0.01,3.49
0,3.492
-0.005,3.494
-0.015,3.496
-0.025,3.498
-0.025,3.5
-0.03,3.502
-0.03,3.504
-0.03,3.506
-0.03,3.508
-0.03,3.51
-0.03,3.512
-0.03,3.514
-0.035,3.516
-0.035,3.518
-0.04,3.52
-0.045,3.522
-0.05,3.524
-0.05,3.526
-0.05,3.528
-0.05,3.53
-0.05,3.532
-0.05,3.534
-0.045,3.536
-0.045,3.538
-0.045,3.54
-0.05,3.542
-0.05,3.544
-0.055,3.546
-0.055,3.548
-0.055,3.55
-0.055,3.552
-0.055,3.554
-0.05,3.556
-0.05,3.558
-0.045,3.56
-0.04,3.562
-0.035,3.564
-0.03,3.566
-0.03,3.568
-0.035,3.57
-0.04,3.572
-0.045,3.574
-0.05,3.576
-0.055,3.578
-0.06,3.58
-0.06,3.582
-0.065,3.584
-0.065,3.586
-0.065,3.588
-0.065,3.59
-0.06,3.592
-0.055,3.594
-0.05,3.596
-0.05,3.598
-0.045,3.6
-0.045,3.602
-0.045,3.604
-0.045,3.606
-0.05,3.608
-0.05,3.61
-0.055,3.612
-0.055,3.614
-0.055,3.616
-0.055,3.618
-0.05,3.62
-0.04,3.622
-0.03,3.624
-0.025,3.626
-0.02,3.628
-0.015,3.63
-0.015,3.632
-0.02,3.634
-0.025,3.636
-0.03,3.638
-0.04,3.64
-0.045,3.642
-0.045,3.644
-0.045,3.646
-0.045,3.648
-0.04,3.65
-0.035,3.652
-0.03,3.654
-0.03,3.656
-0.025,3.658
-0.025,3.66
-0.025,3.662
-0.025,3.664
-0.03,3.666
-0.03,3.668
-0.035,3.67
-0.035,3.672
-0.04,3.674
-0.04,3.676
-0.045,3.678
-0.045,3.68
-0.05,3.682
-0.05,3.684
-0.055,3.686
-0.06,3.688
-0.06,3.69
-0.06,3.692
-0.06,3.694
-0.055,3.696
-0.05,3.698
-0.045,3.7
-0.04,3.702
-0.035,3.704
-0.035,3.706
-0.035,3.708
-0.04,3.71
-0.045,3.712
-0.055,3.714
-0.06,3.716
-0.07,3.718
-0.07,3.72
-0.075,3.722
-0.075,3.724
-0.07,3.726
-0.07,3.728
-0.065,3.73
-0.065,3.732
-0.065,3.734
-0.065,3.736
-0.07,3.738
-0.07,3.74
-0.075,3.742
-0.075,3.744
-0.075,3.746
-0.07,3.748
-0.07,3.75
-0.065,3.752
-0.06,3.754
-0.055,3.756
-0.055,3.758
-0.05,3.76
-0.05,3.762
-0.05,3.764
-0.05,3.766
-0.05,3.768
-0.05,3.77
-0.055,3.772
-0.055,3.774
-0.06,3.776
-0.065,3.778
-0.07,3.78
-0.075,3.782
-0.075,3.784
-0.08,3.786
-0.08,3.788
-0.075,3.79
-0.07,3.792
-0.065,3.794
-0.06,3.796
-0.055,3.798
-0.055,3.8
-0.055,3.802
-0.06,3.804
-0.065,3.806
-0.065,3.808
-0.07,3.81
-0.075,3.812
-0.08,3.814
-0.085,3.816
-0.085,3.818
-0.09,3.82
-0.09,3.822
-0.09,3.824
-0.09,3.826
-0.09,3.828
-0.09,3.83
-0.085,3.832
-0.085,3.834
-0.08,3.836
-0.08,3.838
-0.075,3.84
-0.07,3.842
-0.07,3.844
-0.065,3.846
-0.065,3.848
-0.065,3.85
-0.065,3.852
-0.065,3.854
-0.07,3.856
-0.07,3.858
-0.075,3.86
-0.075,3.862
-0.075,3.864
-0.07,3.866
-0.07,3.868
-0.065,3.87
-0.06,3.872
-0.055,3.874
-0.045,3.876
-0.04,3.878
-0.035,3.88
-0.035,3.882
-0.03,3.884
-0.025,3.886
-0.02,3.888
-0.015,3.89
-0.01,3.892
0,3.894
0.005,3.896
0.01,3.898
0.015,3.9
0.02,3.902
0.02,3.904
0.025,3.906
0.025,3.908
0.03,3.91
0.03,3.912
0.035,3.914
0.04,3.916
0.045,3.918
0.045,3.92
0.05,3.922
0.055,3.924
0.06,3.926
0.06,3.928
0.06,3.93
0.06,3.932
0.06,3.934
0.06,3.936
0.06,3.938
0.065,3.94
0.065,3.942
0.07,3.944
0.075,3.946
0.08,3.948
0.085,3.95
0.09,3.952
0.09,3.954
0.095,3.956
0.1,3.958
0.105,3.96
0.11,3.962
0.11,3.964
0.115,3.966
0.115,3.968
0.115,3.97
0.115,3.972
0.115,3.974
0.115,3.976
0.11,3.978
0.105,3.98
0.1,3.982
0.1,3.984
0.1,3.986
0.095,3.988
0.095,3.99
0.095,3.992
0.095,3.994
0.095,3.996
0.095,3.998
0.09,4
0.085,4.002
0.085,4.004
0.08,4.006
0.075,4.008
0.075,4.01
0.075,4.012
0.07,4.014
0.07,4.016
0.065,4.018
0.06,4.02
0.055,4.022
0.05,4.024
0.045,4.026
0.04,4.028
0.04,4.03
0.035,4.032
0.035,4.034
0.04,4.036
0.04,4.038
0.035,4.04
0.035,4.042
0.03,4.044
0.025,4.046
0.02,4.048
0.015,4.05
0.01,4.052
0.01,4.054
0.01,4.056
0.015,4.058
0.02,4.06
0.025,4.062
0.03,4.064
0.035,4.066
0.04,4.068
0.04,4.07
0.04,4.072
0.035,4.074
0.03,4.076
0.025,4.078
0.02,4.08
0.015,4.082
0.015,4.084
0.015,4.086
0.015,4.088
0.015,4.09
0.015,4.092
0.015,4.094
0.01,4.096
0.005,4.098
-0.005,4.1
-0.01,4.102
-0.015,4.104
-0.015,4.106
-0.005,4.108
0.015,4.11
0.045,4.112
0.09,4.114
0.145,4.116
0.21,4.118
0.285,4.12
0.365,4.122
0.445,4.124
0.52,4.126
0.585,4.128
0.63,4.13
0.655,4.132
0.655,4.134
0.63,4.136
0.57,4.138
0.49,4.14
0.39,4.142
0.28,4.144
0.165,4.146
0.065,4.148
-0.015,4.15
-0.075,4.152
-0.105,4.154
-0.115,4.156
-0.1,4.158
-0.08,4.16
-0.05,4.162
-0.02,4.164
0.005,4.166
0.02,4.168
0.03,4.17
0.03,4.172
0.03,4.174
0.03,4.176
0.03,4.178
0.03,4.18
0.035,4.182
0.04,4.184
0.04,4.186
0.04,4.188
0.04,4.19
0.035,4.192
0.03,4.194
0.025,4.196
0.02,4.198
0.015,4.2
0.015,4.202
0.015,4.204
0.015,4.206
0.02,4.208
0.02,4.21
0.025,4.212
0.025,4.214
0.025,4.216
0.03,4.218
0.03,4.22
0.025,4.222
0.025,4.224
0.025,4.226
0.025,4.228
0.025,4.23
0.025,4.232
0.025,4.234
0.03,4.236
0.03,4.238
0.03,4.24
0.03,4.242
0.03,4.244
0.03,4.246
0.03,4.248
0.03,4.25
0.03,4.252
0.035,4.254
0.035,4.256
0.04,4.258
0.045,4.26
0.05,4.262
0.055,4.264
0.06,4.266
0.065,4.268
0.065,4.27
0.07,4.272
0.065,4.274
0.065,4.276
0.06,4.278
0.055,4.28
0.05,4.282
0.05,4.284
0.05,4.286
0.05,4.288
0.055,4.29
0.055,4.292
0.06,4.294
0.065,4.296
0.07,4.298
0.075,4.3
0.08,4.302
0.085,4.304
0.095,4.306
0.1,4.308
0.11,4.31
0.12,4.312
0.125,4.314
0.13,4.316
0.135,4.318
0.14,4.32
0.14,4.322
0.14,4.324
0.145,4.326
0.145,4.328
0.15,4.33
0.155,4.332
0.165,4.334
0.17,4.336
0.18,4.338
0.185,4.34
0.19,4.342
0.19,4.344
0.19,4.346
0.19,4.348
0.19,4.35
0.185,4.352
0.185,4.354
0.185,4.356
0.185,4.358
0.19,4.36
0.195,4.362
0.195,4.364
0.195,4.366
0.195,4.368
0.19,4.37
0.19,4.372
0.18,4.374
0.175,4.376
0.165,4.378
0.155,4.38
0.145,4.382
0.135,4.384
0.125,4.386
0.11,4.388
0.1,4.39
0.09,4.392
0.075,4.394
0.06,4.396
0.05,4.398
0.04,4.4
0.03,4.402
0.02,4.404
0.01,4.406
0.005,4.408
0,4.41
-0.01,4.412
-0.015,4.414
-0.02,4.416
-0.025,4.418
-0.03,4.42
-0.04,4.422
-0.045,4.424
-0.05,4.426
-0.055,4.428
-0.055,4.43
-0.06,4.432
-0.06,4.434
-0.065,4.436
-0.065,4.438
-0.07,4.44
-0.08,4.442
-0.085,4.444
-0.095,4.446
-0.1,4.448
-0.105,4.45
-0.11,4.452
-0.11,4.454
-0.11,4.456
-0.11,4.458
-0.105,4.46
-0.105,4.462
-0.1,4.464
-0.1,4.466
-0.1,4.468
-0.1,4.47
-0.105,4.472
-0.105,4.474
-0.105,4.476
-0.105,4.478
-0.105,4.48
-0.105,4.482
-0.105,4.484
-0.105,4.486
-0.11,4.488
-0.11,4.49
-0.115,4.492
-0.115,4.494
-0.115,4.496
-0.12,4.498
-0.12,4.5
-0.115,4.502
-0.115,4.504
-0.11,4.506
-0.11,4.508
-0.105,4.51
-0.105,4.512
-0.105,4.514
-0.105,4.516
-0.105,4.518
-0.105,4.52
-0.11,4.522
-0.11,4.524
-0.11,4.526
-0.11,4.528
-0.105,4.53
-0.105,4.532
-0.1,4.534
-0.095,4.536
-0.095,4.538
-0.09,4.54
-0.09,4.542
-0.09,4.544
-0.095,4.546
-0.1,4.548
-0.1,4.55
-0.105,4.552
-0.105,4.554
-0.105,4.556
-0.105,4.558
-0.1,4.56
-0.09,4.562
-0.085,4.564
-0.08,4.566
-0.075,4.568
-0.07,4.57
-0.07,4.572
-0.075,4.574
-0.08,4.576
-0.085,4.578
-0.09,4.58
-0.095,4.582
-0.095,4.584
-0.095,4.586
-0.09,4.588
-0.09,4.59
-0.085,4.592
-0.085,4.594
-0.085,4.596
-0.085,4.598
-0.085,4.6
-0.09,4.602
-0.09,4.604
-0.09,4.606
-0.09,4.608
-0.09,4.61
-0.085,4.612
-0.08,4.614
-0.08,4.616
-0.08,4.618
-0.08,4.62
-0.085,4.622
-0.09,4.624
-0.095,4.626
-0.1,4.628
-0.1,4.63
-0.105,4.632
-0.105,4.634
-0.11,4.636
-0.105,4.638
-0.105,4.64
-0.105,4.642
-0.105,4.644
-0.1,4.646
-0.1,4.648
-0.095,4.65
-0.095,4.652
-0.095,4.654
-0.095,4.656
-0.095,4.658
-0.1,4.66
-0.1,4.662
-0.105,4.664
-0.105,4.666
-0.105,4.668
-0.11,4.67
-0.11,4.672
-0.11,4.674
-0.11,4.676
-0.11,4.678
-0.115,4.68
-0.115,4.682
-0.115,4.684
-0.12,4.686
-0.12,4.688
-0.12,4.69
-0.115,4.692
-0.11,4.694
-0.105,4.696
-0.1,4.698
-0.095,4.7
-0.09,4.702
-0.09,4.704
-0.09,4.706
-0.09,4.708
-0.095,4.71
-0.1,4.712
-0.105,4.714
-0.105,4.716
-0.11,4.718
-0.11,4.72
-0.105,4.722
-0.105,4.724
-0.1,4.726
-0.095,4.728
-0.095,4.73
-0.09,4.732
-0.09,4.734
-0.09,4.736
-0.095,4.738
-0.095,4.74
-0.1,4.742
-0.105,4.744
-0.11,4.746
-0.11,4.748
-0.115,4.75
-0.11,4.752
-0.11,4.754
-0.105,4.756
-0.1,4.758
-0.095,4.76
-0.09,4.762
-0.085,4.764
-0.085,4.766
-0.09,4.768
-0.095,4.77
-0.105,4.772
-0.11,4.774
-0.115,4.776
-0.12,4.778
-0.125,4.78
-0.12,4.782
-0.115,4.784
-0.11,4.786
-0.105,4.788
-0.095,4.79
-0.09,4.792
-0.085,4.794
-0.085,4.796
-0.085,4.798
-0.085,4.8
-0.09,4.802
-0.09,4.804
-0.095,4.806
-0.095,4.808
-0.095,4.81
-0.095,4.812
-0.095,4.814
-0.095,4.816
-0.09,4.818
-0.09,4.82
-0.09,4.822
-0.09,4.824
-0.09,4.826
-0.09,4.828
-0.09,4.83
-0.095,4.832
-0.095,4.834
-0.095,4.836
-0.1,4.838
-0.1,4.84
-0.1,4.842
-0.1,4.844
-0.095,4.846
-0.09,4.848
-0.085,4.85
-0.08,4.852
-0.075,4.854
-0.065,4.856
-0.06,4.858
-0.06,4.86
-0.055,4.862
-0.055,4.864
-0.055,4.866
-0.055,4.868
-0.055,4.87
-0.055,4.872
-0.05,4.874
-0.05,4.876
-0.05,4.878
-0.045,4.88
-0.04,4.882
-0.035,4.884
-0.035,4.886
-0.03,4.888
-0.025,4.89
-0.025,4.892
-0.025,4.894
-0.025,4.896
-0.025,4.898
-0.03,4.9
-0.03,4.902
-0.035,4.904
-0.04,4.906
-0.04,4.908
-0.045,4.91
-0.045,4.912
-0.05,4.914
-0.05,4.916
-0.055,4.918
-0.06,4.92
-0.06,4.922
-0.065,4.924
-0.07,4.926
-0.07,4.928
-0.075,4.93
-0.075,4.932
-0.075,4.934
-0.075,4.936
-0.08,4.938
-0.08,4.94
-0.08,4.942
-0.08,4.944
-0.085,4.946
-0.09,4.948
-0.09,4.95
-0.095,4.952
-0.1,4.954
-0.1,4.956
-0.105,4.958
-0.105,4.96
-0.105,4.962
-0.105,4.964
-0.105,4.966
-0.105,4.968
-0.105,4.97
-0.1,4.972
-0.1,4.974
-0.1,4.976
-0.1,4.978
-0.1,4.98
-0.095,4.982
-0.095,4.984
-0.09,4.986
-0.085,4.988
-0.085,4.99
-0.085,4.992
-0.085,4.994
-0.085,4.996
-0.085,4.998
-0.09,5
-0.095,5.002
-0.095,5.004
-0.1,5.006
-0.1,5.008
-0.105,5.01
-0.105,5.012
-0.11,5.014
-0.115,5.016
-0.115,5.018
-0.12,5.02
-0.115,5.022
-0.11,5.024
-0.09,5.026
-0.065,5.028
-0.02,5.03
0.03,5.032
0.1,5.034
0.175,5.036
0.26,5.038
0.35,5.04
0.435,5.042
0.51,5.044
0.57,5.046
0.605,5.048
0.61,5.05
0.59,5.052
0.54,5.054
0.465,5.056
0.365,5.058
0.26,5.06
0.15,5.062
0.045,5.064
-0.04,5.066
-0.105,5.068
-0.145,5.07
-0.165,5.072
-0.165,5.074
-0.15,5.076
-0.135,5.078
-0.115,5.08
-0.095,5.082
-0.085,5.084
-0.075,5.086
-0.075,5.088
-0.075,5.09
-0.075,5.092
-0.07,5.094
-0.07,5.096
-0.065,5.098
-0.06,5.1
-0.055,5.102
-0.05,5.104
-0.05,5.106
-0.05,5.108
-0.05,5.11
-0.05,5.112
-0.05,5.114
-0.05,5.116
-0.045,5.118
-0.045,5.12
-0.045,5.122
-0.045,5.124
-0.045,5.126
-0.045,5.128
-0.045,5.13
-0.045,5.132
-0.04,5.134
-0.04,5.136
-0.035,5.138
-0.035,5.14
-0.03,5.142
-0.03,5.144
-0.03,5.146
-0.03,5.148
-0.03,5.15
-0.03,5.152
-0.03,5.154
-0.03,5.156
-0.03,5.158
-0.025,5.16
-0.02,5.162
-0.015,5.164
-0.01,5.166
-0.005,5.168
-0.005,5.17
0,5.172
0,5.174
0,5.176
0,5.178
0,5.18
0,5.182
0,5.184
0,5.186
0.005,5.188
0.005,5.19
0.01,5.192
0.015,5.194
0.015,5.196
0.02,5.198
0.02,5.2
0.02,5.202
0.025,5.204
0.025,5.206
0.025,5.208
0.025,5.21
0.03,5.212
0.035,5.214
0.04,5.216
0.045,5.218
0.05,5.22
0.055,5.222
0.06,5.224
0.065,5.226
0.07,5.228
0.075,5.23
0.08,5.232
0.085,5.234
0.09,5.236
0.095,5.238
0.1,5.24
0.105,5.242
0.115,5.244
0.12,5.246
0.13,5.248
0.135,5.25
0.145,5.252
0.15,5.254
0.16,5.256
0.165,5.258
0.17,5.26
0.175,5.262
0.175,5.264
0.18,5.266
0.185,5.268
0.185,5.27
0.185,5.272
0.185,5.274
0.185,5.276
0.185,5.278
0.185,5.28
0.185,5.282
0.185,5.284
0.185,5.286
0.185,5.288
0.18,5.29
0.18,5.292
0.18,5.294
0.175,5.296
0.17,5.298
0.165,5.3
0.155,5.302
0.145,5.304
0.135,5.306
0.125,5.308
0.115,5.31
0.105,5.312
0.1,5.314
0.09,5.316
0.08,5.318
0.07,5.32
0.06,5.322
0.05,5.324
0.035,5.326
0.025,5.328
0.015,5.33
0.005,5.332
0,5.334
-0.005,5.336
-0.005,5.338
-0.005,5.34
-0.005,5.342
-0.005,5.344
-0.005,5.346
-0.01,5.348
-0.015,5.35
-0.015,5.352
-0.02,5.354
-0.025,5.356
-0.03,5.358
-0.035,5.36
-0.035,5.362
-0.035,5.364
-0.035,5.366
-0.03,5.368
-0.03,5.37
-0.025,5.372
-0.025,5.374
-0.025,5.376
-0.025,5.378
-0.03,5.38
-0.035,5.382
-0.04,5.384
-0.045,5.386
-0.05,5.388
-0.055,5.39
-0.06,5.392
-0.065,5.394
-0.065,5.396
-0.06,5.398
-0.06,5.4
-0.055,5.402
-0.05,5.404
-0.05,5.406
-0.045,5.408
-0.04,5.41
-0.04,5.412
-0.035,5.414
-0.035,5.416
-0.03,5.418
-0.03,5.42
-0.03,5.422
-0.03,5.424
-0.03,5.426
-0.035,5.428
-0.035,5.43
-0.04,5.432
-0.04,5.434
-0.04,5.436
-0.04,5.438
-0.035,5.44
-0.035,5.442
-0.03,5.444
-0.025,5.446
-0.02,5.448
-0.015,5.45
-0.015,5.452
-0.015,5.454
-0.01,5.456
-0.01,5.458
-0.01,5.46
-0.01,5.462
-0.01,5.464
-0.01,5.466
-0.01,5.468
-0.01,5.47
-0.01,5.472
-0.015,5.474
-0.02,5.476
-0.02,5.478
-0.025,5.48
-0.025,5.482
-0.03,5.484
-0.03,5.486
-0.025,5.488
-0.025,5.49
-0.025,5.492
-0.025,5.494
-0.025,5.496
-0.025,5.498
-0.025,5.5
-0.03,5.502
-0.03,5.504
-0.035,5.506
-0.035,5.508
-0.035,5.51
-0.035,5.512
-0.035,5.514
-0.03,5.516
-0.025,5.518
-0.02,5.52
-0.02,5.522
-0.015,5.524
-0.015,5.526
-0.015,5.528
-0.015,5.53
-0.015,5.532
-0.015,5.534
-0.02,5.536
-0.02,5.538
-0.025,5.54
-0.025,5.542
-0.03,5.544
-0.03,5.546
-0.03,5.548
-0.035,5.55
-0.035,5.552
-0.04,5.554
-0.04,5.556
-0.04,5.558
-0.04,5.56
-0.04,5.562
-0.04,5.564
-0.04,5.566
-0.035,5.568
-0.035,5.57
-0.03,5.572
-0.03,5.574
-0.03,5.576
-0.03,5.578
-0.03,5.58
-0.035,5.582
-0.04,5.584
-0.04,5.586
-0.045,5.588
-0.045,5.59
-0.045,5.592
-0.04,5.594
-0.04,5.596
-0.035,5.598
-0.035,5.6
-0.035,5.602
-0.04,5.604
-0.045,5.606
-0.055,5.608
-0.06,5.61
-0.065,5.612
-0.065,5.614
-0.065,5.616
-0.065,5.618
-0.06,5.62
-0.055,5.622
-0.05,5.624
-0.045,5.626
-0.045,5.628
-0.045,5.63
-0.045,5.632
-0.045,5.634
-0.045,5.636
-0.05,5.638
-0.05,5.64
-0.05,5.642
-0.05,5.644
-0.05,5.646
-0.05,5.648
-0.05,5.65
-0.05,5.652
-0.05,5.654
-0.05,5.656
-0.05,5.658
-0.055,5.66
-0.055,5.662
-0.055,5.664
-0.055,5.666
-0.055,5.668
-0.055,5.67
-0.055,5.672
-0.055,5.674
-0.055,5.676
-0.05,5.678
-0.05,5.68
-0.045,5.682
-0.045,5.684
-0.045,5.686
-0.045,5.688
-0.05,5.69
-0.05,5.692
-0.055,5.694
-0.055,5.696
-0.06,5.698
-0.06,5.7
-0.06,5.702
-0.06,5.704
-0.06,5.706
-0.065,5.708
-0.065,5.71
-0.065,5.712
-0.07,5.714
-0.07,5.716
-0.07,5.718
-0.075,5.72
-0.07,5.722
-0.07,5.724
-0.065,5.726
-0.06,5.728
-0.06,5.73
-0.055,5.732
-0.055,5.734
-0.06,5.736
-0.06,5.738
-0.065,5.74
-0.075,5.742
-0.08,5.744
-0.085,5.746
-0.09,5.748
-0.09,5.75
-0.085,5.752
-0.08,5.754
-0.075,5.756
-0.07,5.758
-0.065,5.76
-0.06,5.762
-0.06,5.764
-0.065,5.766
-0.065,5.768
-0.07,5.77
-0.07,5.772
-0.07,5.774
-0.07,5.776
-0.07,5.778
-0.065,5.78
-0.06,5.782
-0.055,5.784
-0.055,5.786
-0.055,5.788
-0.055,5.79
-0.055,5.792
-0.05,5.794
-0.05,5.796
-0.05,5.798
-0.045,5.8
-0.04,5.802
-0.035,5.804
-0.03,5.806
-0.025,5.808
-0.02,5.81
-0.02,5.812
-0.02,5.814
-0.02,5.816
-0.02,5.818
-0.02,5.82
-0.015,5.822
-0.005,5.824
0,5.826
0.015,5.828
0.025,5.83
0.035,5.832
0.045,5.834
0.055,5.836
0.065,5.838
0.07,5.84
0.075,5.842
0.08,5.844
0.085,5.846
0.09,5.848
0.09,5.85
0.095,5.852
0.1,5.854
0.1,5.856
0.1,5.858
0.1,5.86
0.095,5.862
0.09,5.864
0.085,5.866
0.08,5.868
0.075,5.87
0.075,5.872
0.075,5.874
0.075,5.876
0.08,5.878
0.085,5.88
0.085,5.882
0.09,5.884
0.09,5.886
0.09,5.888
0.09,5.89
0.09,5.892
0.09,5.894
0.085,5.896
0.085,5.898
0.085,5.9
0.085,5.902
0.08,5.904
0.08,5.906
0.08,5.908
0.075,5.91
0.075,5.912
0.07,5.914
0.07,5.916
0.07,5.918
0.07,5.92
0.07,5.922
0.07,5.924
0.07,5.926
0.07,5.928
0.07,5.93
0.07,5.932
0.065,5.934
0.065,5.936
0.06,5.938
0.055,5.94
0.055,5.942
0.05,5.944
0.045,5.946
0.04,5.948
0.035,5.95
0.03,5.952
0.03,5.954
0.03,5.956
0.04,5.958
0.06,5.96
0.085,5.962
0.13,5.964
0.18,5.966
0.25,5.968
0.325,5.97
0.415,5.972
0.505,5.974
0.595,5.976
0.675,5.978
0.74,5.98
0.78,5.982
0.795,5.984
0.775,5.986
0.725,5.988
0.645,5.99
0.545,5.992
0.43,5.994
0.31,5.996
0.195,5.998
0.1,6
0.03,6.002
-0.015,6.004
-0.035,6.006
-0.03,6.008
-0.015,6.01
0.01,6.012
0.035,6.014
0.06,6.016
0.075,6.018
0.085,6.02
0.085,6.022
0.085,6.024
0.085,6.026
0.08,6.028
0.08,6.03
0.085,6.032
0.085,6.034
0.085,6.036
0.09,6.038
0.085,6.04
0.085,6.042
0.08,6.044
0.075,6.046
0.075,6.048
0.07,6.05
0.065,6.052
0.065,6.054
0.065,6.056
0.065,6.058
0.06,6.06
0.06,6.062
0.06,6.064
0.06,6.066
0.06,6.068
0.06,6.07
0.065,6.072
0.065,6.074
0.07,6.076
0.07,6.078
0.075,6.08
0.075,6.082
0.075,6.084
0.075,6.086
0.075,6.088
0.075,6.09
0.075,6.092
0.075,6.094
0.075,6.096
0.08,6.098
0.085,6.1
0.09,6.102
0.095,6.104
0.1,6.106
0.105,6.108
0.105,6.11
0.105,6.112
0.105,6.114
0.105,6.116
0.105,6.118
0.105,6.12
0.105,6.122
0.105,6.124
0.11,6.126
0.11,6.128
0.115,6.13
0.12,6.132
0.12,6.134
0.12,6.136
0.12,6.138
0.12,6.14
0.12,6.142
0.12,6.144
0.12,6.146
0.12,6.148
0.12,6.15
0.125,6.152
0.13,6.154
0.14,6.156
0.145,6.158
0.15,6.16
0.16,6.162
0.165,6.164
0.17,6.166
0.175,6.168
0.185,6.17
0.19,6.172
0.2,6.174
0.205,6.176
0.215,6.178
0.22,6.18
0.23,6.182
0.235,6.184
0.24,6.186
0.245,6.188
0.25,6.19
0.255,6.192
0.255,6.194
0.26,6.196
0.26,6.198
0.265,6.2
0.27,6.202
0.27,6.204
0.275,6.206
0.275,6.208
0.28,6.21
0.28,6.212
0.285,6.214
0.285,6.216
0.285,6.218
0.285,6.22
0.28,6.222
0.275,6.224
0.27,6.226
0.26,6.228
0.245,6.23
0.235,6.232
0.22,6.234
0.21,6.236
0.195,6.238
0.185,6.24
0.175,6.242
0.165,6.244
0.15,6.246
0.14,6.248
0.125,6.25
0.11,6.252
0.095,6.254
0.085,6.256
0.07,6.258
0.065,6.26
0.055,6.262
0.05,6.264
0.045,6.266
0.04,6.268
0.035,6.27
0.025,6.272
0.015,6.274
0.005,6.276
-0.01,6.278
-0.02,6.28
-0.03,6.282
-0.035,6.284
-0.04,6.286
-0.045,6.288
-0.045,6.29
-0.045,6.292
-0.04,6.294
-0.045,6.296
-0.045,6.298
-0.045,6.3
-0.05,6.302
-0.055,6.304
-0.06,6.306
-0.06,6.308
-0.06,6.31
-0.06,6.312
-0.06,6.314
-0.06,6.316
-0.06,6.318
-0.06,6.32
-0.065,6.322
-0.07,6.324
-0.07,6.326
-0.075,6.328
-0.08,6.33
-0.08,6.332
-0.08,6.334
-0.08,6.336
-0.08,6.338
-0.075,6.34
-0.075,6.342
-0.07,6.344
-0.07,6.346
-0.07,6.348
-0.07,6.35
-0.075,6.352
-0.075,6.354
-0.075,6.356
-0.075,6.358
-0.075,6.36
-0.075,6.362
-0.075,6.364
-0.075,6.366
-0.08,6.368
-0.085,6.37
-0.085,6.372
-0.09,6.374
-0.095,6.376
-0.095,6.378
-0.1,6.38
-0.095,6.382
-0.095,6.384
-0.09,6.386
-0.09,6.388
-0.085,6.39
-0.085,6.392
-0.085,6.394
-0.085,6.396
-0.085,6.398
-0.08,6.4
-0.08,6.402
-0.08,6.404
-0.075,6.406
-0.075,6.408
-0.075,6.41
-0.07,6.412
-0.07,6.414
-0.075,6.416
-0.075,6.418
-0.08,6.42
-0.085,6.422
-0.09,6.424
-0.09,6.426
-0.095,6.428
-0.095,6.43
-0.095,6.432
-0.095,6.434
-0.09,6.436
-0.09,6.438
-0.085,6.44
-0.085,6.442
-0.085,6.444
-0.085,6.446
-0.09,6.448
-0.095,6.45
-0.1,6.452
-0.105,6.454
-0.11,6.456
-0.11,6.458
-0.115,6.46
-0.115,6.462
-0.115,6.464
-0.11,6.466
-0.11,6.468
-0.105,6.47
-0.1,6.472
-0.1,6.474
-0.095,6.476
-0.095,6.478
-0.095,6.48
-0.1,6.482
-0.1,6.484
-0.1,6.486
-0.1,6.488
-0.1,6.49
-0.1,6.492
-0.1,6.494
-0.1,6.496
-0.1,6.498
-0.105,6.5
-0.105,6.502
-0.11,6.504
-0.115,6.506
-0.12,6.508
-0.125,6.51
-0.13,6.512
-0.13,6.514
-0.13,6.516
-0.135,6.518
-0.135,6.52
-0.135,6.522
-0.13,6.524
-0.13,6.526
-0.13,6.528
-0.125,6.53
-0.125,6.532
-0.12,6.534
-0.12,6.536
-0.12,6.538
-0.12,6.54
-0.125,6.542
-0.125,6.544
-0.13,6.546
-0.135,6.548
-0.145,6.55
-0.145,6.552
-0.15,6.554
-0.15,6.556
-0.15,6.558
-0.145,6.56
-0.14,6.562
-0.14,6.564
-0.135,6.566
-0.135,6.568
-0.13,6.57
-0.13,6.572
-0.13,6.574
-0.13,6.576
-0.13,6.578
-0.13,6.58
-0.13,6.582
-0.13,6.584
-0.13,6.586
-0.13,6.588
-0.13,6.59
-0.13,6.592
-0.13,6.594
-0.13,6.596
-0.13,6.598
-0.13,6.6
-0.125,6.602
-0.125,6.604
-0.12,6.606
-0.12,6.608
-0.12,6.61
-0.12,6.612
-0.125,6.614
-0.125,6.616
-0.13,6.618
-0.13,6.62
-0.13,6.622
-0.13,6.624
-0.13,6.626
-0.125,6.628
-0.12,6.63
-0.115,6.632
-0.11,6.634
-0.11,6.636
-0.105,6.638
-0.105,6.64
-0.105,6.642
-0.105,6.644
-0.105,6.646
-0.11,6.648
-0.11,6.65
-0.11,6.652
-0.115,6.654
-0.115,6.656
-0.115,6.658
-0.115,6.66
-0.115,6.662
-0.11,6.664
-0.105,6.666
-0.1,6.668
-0.095,6.67
-0.09,6.672
-0.09,6.674
-0.09,6.676
-0.09,6.678
-0.09,6.68
-0.095,6.682
-0.095,6.684
-0.095,6.686
-0.095,6.688
-0.095,6.69
-0.09,6.692
-0.085,6.694
-0.085,6.696
-0.085,6.698
-0.085,6.7
-0.085,6.702
-0.085,6.704
-0.08,6.706
-0.08,6.708
-0.075,6.71
-0.065,6.712
-0.06,6.714
-0.05,6.716
-0.04,6.718
-0.035,6.72
-0.03,6.722
-0.025,6.724
-0.025,6.726
-0.025,6.728
-0.03,6.73
-0.035,6.732
-0.04,6.734
-0.05,6.736
-0.06,6.738
-0.065,6.74
-0.075,6.742
-0.08,6.744
-0.09,6.746
-0.095,6.748
-0.1,6.75
-0.1,6.752
-0.105,6.754
-0.105,6.756
-0.11,6.758
-0.115,6.76
-0.115,6.762
-0.12,6.764
-0.125,6.766
-0.125,6.768
-0.125,6.77
-0.125,6.772
-0.12,6.774
-0.115,6.776
-0.115,6.778
-0.11,6.78
-0.105,6.782
-0.105,6.784
-0.105,6.786
-0.105,6.788
-0.11,6.79
-0.11,6.792
-0.115,6.794
-0.12,6.796
-0.12,6.798
-0.125,6.8
-0.13,6.802
-0.13,6.804
-0.135,6.806
-0.135,6.808
-0.13,6.81
-0.13,6.812
-0.125,6.814
-0.12,6.816
-0.12,6.818
-0.115,6.82
-0.115,6.822
-0.115,6.824
-0.12,6.826
-0.125,6.828
-0.13,6.83
-0.13,6.832
-0.135,6.834
-0.135,6.836
-0.135,6.838
-0.135,6.84
-0.135,6.842
-0.135,6.844
-0.13,6.846
-0.125,6.848
-0.11,6.85
-0.08,6.852
-0.04,6.854
0.015,6.856
0.085,6.858
0.17,6.86
0.255,6.862
0.345,6.864
0.425,6.866
0.49,6.868
0.53,6.87
0.55,6.872
0.54,6.874
0.5,6.876
0.44,6.878
0.355,6.88
0.26,6.882
0.16,6.884
0.06,6.886
-0.03,6.888
-0.1,6.89
-0.155,6.892
-0.19,6.894
-0.205,6.896
-0.2,6.898
-0.185,6.9
-0.16,6.902
-0.13,6.904
-0.105,6.906
-0.085,6.908
-0.075,6.91
-0.065,6.912
-0.065,6.914
-0.065,6.916
-0.065,6.918
-0.065,6.92
-0.06,6.922
-0.06,6.924
-0.06,6.926
-0.06,6.928
-0.065,6.93
-0.07,6.932
-0.075,6.934
-0.08,6.936
-0.085,6.938
-0.085,6.94
-0.085,6.942
-0.08,6.944
-0.075,6.946
-0.065,6.948
-0.06,6.95
-0.055,6.952
-0.05,6.954
-0.05,6.956
-0.05,6.958
-0.05,6.96
-0.055,6.962
-0.055,6.964
-0.055,6.966
-0.055,6.968
-0.055,6.97
-0.05,6.972
-0.05,6.974
-0.045,6.976
-0.045,6.978
-0.045,6.98
-0.045,6.982
-0.045,6.984
-0.045,6.986
-0.045,6.988
-0.045,6.99
-0.045,6.992
-0.045,6.994
-0.04,6.996
-0.04,6.998
-0.035,7
-0.03,7.002
-0.02,7.004
-0.015,7.006
-0.01,7.008
-0.005,7.01
0,7.012
0,7.014
0.005,7.016
0.005,7.018
0.01,7.02
0.01,7.022
0.015,7.024
0.02,7.026
0.02,7.028
0.025,7.03
0.03,7.032
0.03,7.034
0.035,7.036
0.035,7.038
0.03,7.04
0.03,7.042
0.03,7.044
0.03,7.046
0.035,7.048
0.04,7.05
0.045,7.052
0.055,7.054
0.065,7.056
0.075,7.058
0.085,7.06
0.095,7.062
0.1,7.064
0.11,7.066
0.115,7.068
0.12,7.07
0.125,7.072
0.13,7.074
0.135,7.076
0.14,7.078
0.145,7.08
0.15,7.082
0.155,7.084
0.16,7.086
0.16,7.088
0.16,7.09
0.16,7.092
0.16,7.094
0.16,7.096
0.16,7.098
0.16,7.1
0.165,7.102
0.165,7.104
0.17,7.106
0.175,7.108
0.175,7.11
0.18,7.112
0.175,7.114
0.175,7.116
0.17,7.118
0.165,7.12
0.155,7.122
0.15,7.124
0.14,7.126
0.13,7.128
0.12,7.13
0.11,7.132
0.1,7.134
0.09,7.136
0.08,7.138
0.07,7.14
0.06,7.142
0.055,7.144
0.05,7.146
0.045,7.148
0.04,7.15
0.035,7.152
0.03,7.154
0.025,7.156
0.02,7.158
0.01,7.16
0,7.162
-0.01,7.164
-0.02,7.166
-0.025,7.168
-0.03,7.17
-0.035,7.172
-0.04,7.174
-0.04,7.176
-0.04,7.178
-0.04,7.18
-0.035,7.182
-0.035,7.184
-0.035,7.186
-0.04,7.188
-0.04,7.19
-0.04,7.192
-0.045,7.194
-0.05,7.196
-0.05,7.198
-0.05,7.2
-0.055,7.202
-0.055,7.204
-0.055,7.206
-0.055,7.208
-0.055,7.21
-0.055,7.212
-0.05,7.214
-0.05,7.216
-0.05,7.218
-0.045,7.22
-0.045,7.222
-0.045,7.224
-0.045,7.226
-0.04,7.228
-0.04,7.23
-0.04,7.232
-0.04,7.234
-0.04,7.236
-0.04,7.238
-0.04,7.24
-0.04,7.242
-0.035,7.244
-0.035,7.246
-0.035,7.248
-0.035,7.25
-0.04,7.252
-0.04,7.254
-0.04,7.256
-0.045,7.258
-0.045,7.26
-0.045,7.262
-0.045,7.264
-0.045,7.266
-0.04,7.268
-0.035,7.27
-0.035,7.272
-0.03,7.274
-0.025,7.276
-0.025,7.278
-0.02,7.28
-0.02,7.282
-0.02,7.284
-0.025,7.286
-0.025,7.288
-0.03,7.29
-0.035,7.292
-0.035,7.294
-0.04,7.296
-0.04,7.298
-0.04,7.3
-0.04,7.302
-0.035,7.304
-0.035,7.306
-0.025,7.308
-0.02,7.31
-0.015,7.312
-0.015,7.314
-0.015,7.316
-0.015,7.318
-0.015,7.32
-0.02,7.322
-0.025,7.324
-0.03,7.326
-0.03,7.328
-0.035,7.33
-0.035,7.332
-0.03,7.334
-0.03,7.336
-0.03,7.338
-0.025,7.34
-0.025,7.342
-0.025,7.344
-0.025,7.346
-0.025,7.348
-0.025,7.35
-0.025,7.352
-0.025,7.354
-0.03,7.356
-0.03,7.358
-0.03,7.36
-0.035,7.362
-0.035,7.364
-0.04,7.366
-0.04,7.368
-0.045,7.37
-0.045,7.372
-0.045,7.374
-0.045,7.376
-0.045,7.378
-0.045,7.38
-0.045,7.382
-0.05,7.384
-0.05,7.386
-0.05,7.388
-0.05,7.39
-0.05,7.392
-0.05,7.394
-0.045,7.396
-0.045,7.398
-0.04,7.4
-0.04,7.402
-0.04,7.404
-0.04,7.406
-0.04,7.408
-0.045,7.41
-0.045,7.412
-0.045,7.414
-0.045,7.416
-0.045,7.418
-0.04,7.42
-0.035,7.422
-0.03,7.424
-0.03,7.426
-0.025,7.428
-0.025,7.43
-0.025,7.432
-0.03,7.434
-0.03,7.436
-0.035,7.438
-0.04,7.44
-0.04,7.442
-0.045,7.444
-0.04,7.446
-0.04,7.448
-0.035,7.45
-0.03,7.452
-0.03,7.454
-0.03,7.456
-0.03,7.458
-0.035,7.46
-0.04,7.462
-0.045,7.464
-0.055,7.466
-0.06,7.468
-0.065,7.47
-0.07,7.472
-0.07,7.474
-0.07,7.476
-0.065,7.478
-0.06,7.48
-0.055,7.482
-0.05,7.484
-0.045,7.486
-0.045,7.488
-0.04,7.49
-0.04,7.492
-0.035,7.494
-0.035,7.496
-0.035,7.498
-0.035,7.5
-0.035,7.502
-0.035,7.504
-0.04,7.506
-0.04,7.508
-0.045,7.51
-0.045,7.512
-0.05,7.514
-0.05,7.516
-0.05,7.518
-0.05,7.52
-0.05,7.522
-0.05,7.524
-0.05,7.526
-0.05,7.528
-0.05,7.53
-0.05,7.532
-0.05,7.534
-0.05,7.536
-0.05,7.538
-0.055,7.54
-0.055,7.542
-0.05,7.544
-0.045,7.546
-0.04,7.548
-0.035,7.55
-0.025,7.552
-0.015,7.554
-0.01,7.556
-0.005,7.558
-0.005,7.56
-0.01,7.562
-0.01,7.564
-0.015,7.566
-0.02,7.568
-0.025,7.57
-0.03,7.572
-0.025,7.574
-0.02,7.576
-0.015,7.578
-0.005,7.58
0.005,7.582
0.01,7.584
0.02,7.586
0.02,7.588
0.025,7.59
0.025,7.592
0.02,7.594
0.02,7.596
0.015,7.598
0.015,7.6
0.015,7.602
0.01,7.604
0.01,7.606
0.005,7.608
0,7.61
-0.01,7.612
-0.02,7.614
-0.03,7.616
-0.04,7.618
-0.05,7.62
-0.055,7.622
-0.06,7.624
-0.06,7.626
-0.06,7.628
-0.06,7.63
-0.055,7.632
-0.055,7.634
-0.055,7.636
-0.055,7.638
-0.055,7.64
-0.055,7.642
-0.06,7.644
-0.06,7.646
-0.06,7.648
-0.06,7.65
-0.06,7.652
-0.06,7.654
-0.06,7.656
-0.06,7.658
-0.06,7.66
-0.065,7.662
-0.07,7.664
-0.07,7.666
-0.075,7.668
-0.075,7.67
-0.08,7.672
-0.075,7.674
-0.075,7.676
-0.07,7.678
-0.07,7.68
-0.065,7.682
-0.065,7.684
-0.065,7.686
-0.065,7.688
-0.065,7.69
-0.065,7.692
-0.065,7.694
-0.065,7.696
-0.07,7.698
-0.07,7.7
-0.08,7.702
-0.085,7.704
-0.095,7.706
-0.1,7.708
-0.105,7.71
-0.105,7.712
-0.1,7.714
-0.085,7.716
-0.055,7.718
-0.02,7.72
0.03,7.722
0.09,7.724
0.15,7.726
0.22,7.728
0.29,7.73
0.355,7.732
0.415,7.734
0.46,7.736
0.49,7.738
0.495,7.74
0.485,7.742
0.445,7.744
0.385,7.746
0.305,7.748
0.215,7.75
0.12,7.752
0.03,7.754
-0.05,7.756
-0.11,7.758
-0.15,7.76
-0.165,7.762
-0.16,7.764
-0.145,7.766
-0.12,7.768
-0.09,7.77
-0.07,7.772
-0.055,7.774
-0.045,7.776
-0.05,7.778
-0.055,7.78
-0.06,7.782
-0.065,7.784
-0.065,7.786
-0.06,7.788
-0.055,7.79
-0.045,7.792
-0.04,7.794
-0.035,7.796
-0.04,7.798
-0.045,7.8
-0.055,7.802
-0.065,7.804
-0.07,7.806
-0.08,7.808
-0.08,7.81
-0.08,7.812
-0.075,7.814
-0.065,7.816
-0.06,7.818
-0.05,7.82
-0.045,7.822
-0.045,7.824
-0.04,7.826
-0.045,7.828
-0.045,7.83
-0.045,7.832
-0.045,7.834
-0.045,7.836
-0.045,7.838
-0.04,7.84
-0.035,7.842
-0.035,7.844
-0.03,7.846
-0.03,7.848
-0.03,7.85
-0.03,7.852
-0.025,7.854
-0.015,7.856
-0.005,7.858
0.005,7.86
0.02,7.862
0.035,7.864
0.05,7.866
0.07,7.868
0.08,7.87
0.09,7.872
0.1,7.874
0.11,7.876
0.115,7.878
0.125,7.88
0.13,7.882
0.135,7.884
0.14,7.886
0.145,7.888
0.145,7.89
0.15,7.892
0.15,7.894
0.155,7.896
0.16,7.898
0.17,7.9
0.175,7.902
0.185,7.904
0.195,7.906
0.205,7.908
0.21,7.91
0.215,7.912
0.22,7.914
0.22,7.916
0.215,7.918
0.215,7.92
0.215,7.922
0.22,7.924
0.225,7.926
0.235,7.928
0.245,7.93
0.26,7.932
0.27,7.934
0.28,7.936
0.29,7.938
0.3,7.94
0.305,7.942
0.31,7.944
0.31,7.946
0.315,7.948
0.315,7.95
0.32,7.952
0.32,7.954
0.325,7.956
0.325,7.958
0.325,7.96
0.325,7.962
0.325,7.964
0.32,7.966
0.32,7.968
0.32,7.97
0.32,7.972
0.32,7.974
0.325,7.976
0.325,7.978
0.325,7.98
0.325,7.982
0.32,7.984
0.315,7.986
0.31,7.988
0.3,7.99
0.29,7.992
0.275,7.994
0.265,7.996
0.255,7.998
0.245,8
0.235,8.002
0.23,8.004
0.22,8.006
0.21,8.008
0.2,8.01
0.19,8.012
0.18,8.014
0.17,8.016
0.16,8.018
0.155,8.02
0.15,8.022
0.145,8.024
0.14,8.026
0.135,8.028
0.13,8.03
0.13,8.032
0.125,8.034
0.12,8.036
0.115,8.038
0.115,8.04
0.11,8.042
0.11,8.044
0.11,8.046
0.105,8.048
0.105,8.05
0.105,8.052
0.1,8.054
0.095,8.056
0.09,8.058
0.08,8.06
0.075,8.062
0.07,8.064
0.065,8.066
0.065,8.068
0.065,8.07
0.07,8.072
0.075,8.074
0.08,8.076
0.085,8.078
0.085,8.08
0.085,8.082
0.08,8.084
0.075,8.086
0.07,8.088
0.065,8.09
0.06,8.092
0.06,8.094
0.06,8.096
0.06,8.098
0.065,8.1
0.065,8.102
0.065,8.104
0.065,8.106
0.065,8.108
0.065,8.11
0.065,8.112
0.06,8.114
0.06,8.116
0.06,8.118
0.06,8.12
0.06,8.122
0.06,8.124
0.06,8.126
0.06,8.128
0.055,8.13
0.055,8.132
0.055,8.134
0.055,8.136
0.05,8.138
0.05,8.14
0.05,8.142
0.05,8.144
0.05,8.146
0.05,8.148
0.045,8.15
0.045,8.152
0.045,8.154
0.04,8.156
0.04,8.158
0.04,8.16
0.04,8.162
0.04,8.164
0.04,8.166
0.04,8.168
0.04,8.17
0.035,8.172
0.035,8.174
0.03,8.176
0.03,8.178
0.025,8.18
0.02,8.182
0.02,8.184
0.015,8.186
0.015,8.188
0.02,8.19
0.02,8.192
0.02,8.194
0.025,8.196
0.025,8.198
0.025,8.2
0.025,8.202
0.02,8.204
0.015,8.206
0.01,8.208
0.005,8.21
0,8.212
-0.005,8.214
-0.005,8.216
-0.01,8.218
-0.01,8.22
-0.01,8.222
-0.005,8.224
-0.005,8.226
-0.005,8.228
-0.005,8.23
-0.005,8.232
-0.005,8.234
-0.01,8.236
-0.01,8.238
-0.01,8.24
-0.015,8.242
-0.015,8.244
-0.02,8.246
-0.02,8.248
-0.02,8.25
-0.02,8.252
-0.02,8.254
-0.02,8.256
-0.015,8.258
-0.015,8.26
-0.015,8.262
-0.015,8.264
-0.015,8.266
-0.02,8.268
-0.02,8.27
-0.02,8.272
-0.025,8.274
-0.03,8.276
-0.03,8.278
-0.035,8.28
-0.04,8.282
-0.045,8.284
-0.05,8.286
-0.05,8.288
-0.05,8.29
-0.045,8.292
-0.04,8.294
-0.035,8.296
-0.03,8.298
-0.025,8.3
-0.025,8.302
-0.025,8.304
-0.03,8.306
-0.04,8.308
-0.05,8.31
-0.06,8.312
-0.065,8.314
-0.07,8.316
-0.075,8.318
-0.07,8.32
-0.065,8.322
-0.06,8.324
-0.05,8.326
-0.045,8.328
-0.045,8.33
-0.045,8.332
-0.045,8.334
-0.05,8.336
-0.055,8.338
-0.06,8.34
-0.065,8.342
-0.07,8.344
-0.075,8.346
-0.08,8.348
-0.08,8.35
-0.085,8.352
-0.085,8.354
-0.085,8.356
-0.085,8.358
-0.085,8.36
-0.085,8.362
-0.085,8.364
-0.08,8.366
-0.075,8.368
-0.07,8.37
-0.07,8.372
-0.065,8.374
-0.065,8.376
-0.07,8.378
-0.07,8.38
-0.07,8.382
-0.07,8.384
-0.07,8.386
-0.07,8.388
-0.065,8.39
-0.06,8.392
-0.055,8.394
-0.05,8.396
-0.045,8.398
-0.04,8.4
-0.04,8.402
-0.045,8.404
-0.05,8.406
-0.055,8.408
-0.06,8.41
-0.065,8.412
-0.07,8.414
-0.07,8.416
-0.065,8.418
-0.06,8.42
-0.055,8.422
-0.045,8.424
-0.03,8.426
-0.02,8.428
-0.015,8.43
-0.005,8.432
-0.005,8.434
-0.005,8.436
-0.01,8.438
-0.015,8.44
-0.02,8.442
-0.03,8.444
-0.035,8.446
-0.04,8.448
-0.045,8.45
-0.045,8.452
-0.045,8.454
-0.045,8.456
-0.05,8.458
-0.05,8.46
-0.055,8.462
-0.06,8.464
-0.065,8.466
-0.075,8.468
-0.085,8.47
-0.09,8.472
-0.1,8.474
-0.105,8.476
-0.105,8.478
-0.11,8.48
-0.11,8.482
-0.11,8.484
-0.11,8.486
-0.11,8.488
-0.11,8.49
-0.105,8.492
-0.105,8.494
-0.105,8.496
-0.1,8.498
-0.1,8.5
-0.1,8.502
-0.105,8.504
-0.105,8.506
-0.11,8.508
-0.115,8.51
-0.125,8.512
-0.13,8.514
-0.13,8.516
-0.13,8.518
-0.13,8.52
-0.13,8.522
-0.125,8.524
-0.12,8.526
-0.115,8.528
-0.11,8.53
-0.11,8.532
-0.11,8.534
-0.11,8.536
-0.115,8.538
-0.12,8.54
-0.125,8.542
-0.13,8.544
-0.13,8.546
-0.135,8.548
-0.14,8.55
-0.14,8.552
-0.145,8.554
-0.145,8.556
-0.145,8.558
-0.14,8.56
-0.13,8.562
-0.115,8.564
-0.085,8.566
-0.045,8.568
0.005,8.57
0.07,8.572
0.145,8.574
0.225,8.576
0.305,8.578
0.38,8.58
0.44,8.582
0.475,8.584
0.49,8.586
0.475,8.588
0.43,8.59
0.36,8.592
0.275,8.594
0.175,8.596
0.08,8.598
-0.015,8.6
-0.09,8.602
-0.15,8.604
-0.185,8.606
-0.205,8.608
-0.205,8.61
-0.195,8.612
-0.175,8.614
-0.155,8.616
-0.14,8.618
-0.125,8.62
-0.115,8.622
-0.11,8.624
-0.105,8.626
-0.1,8.628
-0.1,8.63
-0.1,8.632
-0.095,8.634
-0.095,8.636
-0.095,8.638
-0.095,8.64
-0.095,8.642
-0.1,8.644
-0.1,8.646
-0.105,8.648
-0.105,8.65
-0.105,8.652
-0.105,8.654
-0.1,8.656
-0.09,8.658
-0.085,8.66
-0.075,8.662
-0.07,8.664
-0.065,8.666
-0.06,8.668
-0.06,8.67
-0.065,8.672
-0.065,8.674
-0.07,8.676
-0.075,8.678
-0.08,8.68
-0.08,8.682
-0.075,8.684
-0.07,8.686
-0.065,8.688
-0.06,8.69
-0.05,8.692
-0.045,8.694
-0.04,8.696
-0.04,8.698
-0.04,8.7
-0.045,8.702
-0.05,8.704
-0.055,8.706
-0.06,8.708
-0.065,8.71
-0.065,8.712
-0.065,8.714
-0.065,8.716
-0.06,8.718
-0.055,8.72
-0.05,8.722
-0.05,8.724
-0.045,8.726
-0.045,8.728
-0.045,8.73
-0.045,8.732
-0.04,8.734
-0.035,8.736
-0.035,8.738
-0.025,8.74
-0.02,8.742
-0.015,8.744
-0.01,8.746
-0.005,8.748
-0.005,8.75
0,8.752
0,8.754
0.005,8.756
0.01,8.758
0.015,8.76
0.02,8.762
0.025,8.764
0.03,8.766
0.035,8.768
0.04,8.77
0.04,8.772
0.045,8.774
0.045,8.776
0.055,8.778
0.06,8.78
0.07,8.782
0.085,8.784
0.1,8.786
0.11,8.788
0.12,8.79
0.13,8.792
0.135,8.794
0.135,8.796
0.135,8.798
0.13,8.8
0.13,8.802
0.13,8.804
0.13,8.806
0.135,8.808
0.14,8.81
0.145,8.812
0.15,8.814
0.15,8.816
0.145,8.818
0.14,8.82
0.135,8.822
0.13,8.824
0.125,8.826
0.125,8.828
0.12,8.83
0.12,8.832
0.12,8.834
0.12,8.836
0.115,8.838
0.105,8.84
0.095,8.842
0.08,8.844
0.065,8.846
0.05,8.848
0.035,8.85
0.025,8.852
0.015,8.854
0.005,8.856
0,8.858
-0.005,8.86
-0.01,8.862
-0.015,8.864
-0.02,8.866
-0.03,8.868
-0.035,8.87
-0.04,8.872
-0.045,8.874
-0.055,8.876
-0.06,8.878
-0.065,8.88
-0.075,8.882
-0.08,8.884
-0.085,8.886
-0.09,8.888
-0.09,8.89
-0.09,8.892
-0.09,8.894
-0.09,8.896
-0.085,8.898
-0.085,8.9
-0.085,8.902
-0.09,8.904
-0.09,8.906
-0.095,8.908
-0.1,8.91
-0.105,8.912
-0.105,8.914
-0.11,8.916
-0.105,8.918
-0.105,8.92
-0.1,8.922
-0.09,8.924
-0.085,8.926
-0.08,8.928
-0.08,8.93
-0.08,8.932
-0.085,8.934
-0.085,8.936
-0.09,8.938
-0.095,8.94
-0.1,8.942
-0.1,8.944
-0.095,8.946
-0.09,8.948
-0.085,8.95
-0.08,8.952
-0.07,8.954
-0.065,8.956
-0.065,8.958
-0.065,8.96
-0.07,8.962
-0.08,8.964
-0.085,8.966
-0.095,8.968
-0.1,8.97
-0.105,8.972
-0.105,8.974
-0.105,8.976
-0.1,8.978
-0.09,8.98
-0.085,8.982
-0.075,8.984
-0.07,8.986
-0.065,8.988
-0.065,8.99
-0.065,8.992
-0.07,8.994
-0.07,8.996
-0.07,8.998
-0.075,9
-0.075,9.002
-0.075,9.004
-0.08,9.006
-0.08,9.008
-0.08,9.01
-0.08,9.012
-0.08,9.014
-0.08,9.016
-0.08,9.018
-0.08,9.02
-0.075,9.022
-0.07,9.024
-0.065,9.026
-0.065,9.028
-0.06,9.03
-0.055,9.032
-0.055,9.034
-0.055,9.036
-0.055,9.038
-0.055,9.04
-0.055,9.042
-0.055,9.044
-0.055,9.046
-0.055,9.048
-0.05,9.05
-0.05,9.052
-0.05,9.054
-0.055,9.056
-0.055,9.058
-0.055,9.06
-0.06,9.062
-0.06,9.064
-0.065,9.066
-0.065,9.068
-0.07,9.07
-0.075,9.072
-0.075,9.074
-0.08,9.076
-0.085,9.078
-0.085,9.08
-0.09,9.082
-0.09,9.084
-0.09,9.086
-0.09,9.088
-0.085,9.09
-0.085,9.092
-0.08,9.094
-0.08,9.096
-0.08,9.098
-0.08,9.1
-0.075,9.102
-0.075,9.104
-0.075,9.106
-0.07,9.108
-0.07,9.11
-0.065,9.112
-0.065,9.114
-0.065,9.116
-0.065,9.118
-0.07,9.12
-0.07,9.122
-0.075,9.124
-0.08,9.126
-0.08,9.128
-0.08,9.13
-0.08,9.132
-0.08,9.134
-0.08,9.136
-0.08,9.138
-0.075,9.14
-0.075,9.142
-0.07,9.144
-0.07,9.146
-0.07,9.148
-0.07,9.15
-0.07,9.152
-0.07,9.154
-0.07,9.156
-0.075,9.158
-0.075,9.16
-0.075,9.162
-0.075,9.164
-0.075,9.166
-0.07,9.168
-0.07,9.17
-0.07,9.172
-0.07,9.174
-0.07,9.176
-0.07,9.178
-0.07,9.18
-0.075,9.182
-0.075,9.184
-0.075,9.186
-0.08,9.188
-0.075,9.19
-0.075,9.192
-0.075,9.194
-0.075,9.196
-0.075,9.198
-0.075,9.2
-0.075,9.202
-0.075,9.204
-0.08,9.206
-0.08,9.208
-0.08,9.21
-0.08,9.212
-0.08,9.214
-0.075,9.216
-0.075,9.218
-0.07,9.22
-0.065,9.222
-0.065,9.224
-0.06,9.226
-0.055,9.228
-0.05,9.23
-0.05,9.232
-0.045,9.234
-0.045,9.236
-0.045,9.238
-0.045,9.24
-0.04,9.242
-0.04,9.244
-0.04,9.246
-0.04,9.248
-0.035,9.25
-0.03,9.252
-0.025,9.254
-0.02,9.256
-0.01,9.258
-0.005,9.26
0.005,9.262
0.01,9.264
0.015,9.266
0.015,9.268
0.02,9.27
0.015,9.272
0.01,9.274
0.005,9.276
-0.005,9.278
-0.015,9.28
-0.025,9.282
-0.035,9.284
-0.04,9.286
-0.045,9.288
-0.045,9.29
-0.045,9.292
-0.045,9.294
-0.045,9.296
-0.045,9.298
-0.05,9.3
-0.055,9.302
-0.06,9.304
-0.065,9.306
-0.075,9.308
-0.08,9.31
-0.08,9.312
-0.08,9.314
-0.08,9.316
-0.075,9.318
-0.075,9.32
-0.07,9.322
-0.07,9.324
-0.075,9.326
-0.075,9.328
-0.08,9.33
-0.08,9.332
-0.085,9.334
-0.085,9.336
-0.08,9.338
-0.08,9.34
-0.075,9.342
-0.075,9.344
-0.075,9.346
-0.075,9.348
-0.075,9.35
-0.075,9.352
-0.08,9.354
-0.08,9.356
-0.08,9.358
-0.08,9.36
-0.08,9.362
-0.08,9.364
-0.08,9.366
-0.085,9.368
-0.09,9.37
-0.095,9.372
-0.1,9.374
-0.105,9.376
-0.105,9.378
-0.105,9.38
-0.105,9.382
-0.105,9.384
-0.105,9.386
-0.1,9.388
-0.095,9.39
-0.085,9.392
-0.06,9.394
-0.025,9.396
0.025,9.398
0.09,9.4
0.175,9.402
0.265,9.404
0.36,9.406
0.455,9.408
0.53,9.41
0.59,9.412
0.615,9.414
0.61,9.416
0.575,9.418
0.51,9.42
0.415,9.422
0.31,9.424
0.195,9.426
0.085,9.428
-0.01,9.43
-0.09,9.432
-0.145,9.434
-0.175,9.436
-0.185,9.438
-0.175,9.44
-0.155,9.442
-0.13,9.444
-0.105,9.446
-0.08,9.448
-0.06,9.45
-0.05,9.452
-0.045,9.454
-0.05,9.456
-0.05,9.458
-0.055,9.46
-0.06,9.462
-0.06,9.464
-0.06,9.466
-0.06,9.468
-0.055,9.47
-0.05,9.472
-0.05,9.474
-0.05,9.476
-0.05,9.478
-0.055,9.48
-0.06,9.482
-0.06,9.484
-0.06,9.486
-0.06,9.488
-0.06,9.49
-0.055,9.492
-0.05,9.494
-0.045,9.496
-0.04,9.498
-0.04,9.5
-0.04,9.502
-0.04,9.504
-0.04,9.506
-0.04,9.508
-0.035,9.51
-0.035,9.512
-0.03,9.514
-0.025,9.516
-0.02,9.518
-0.015,9.52
-0.01,9.522
-0.01,9.524
-0.005,9.526
-0.005,9.528
-0.005,9.53
-0.01,9.532
-0.01,9.534
-0.01,9.536
-0.01,9.538
-0.01,9.54
-0.005,9.542
-0.005,9.544
-0.005,9.546
0,9.548
0,9.55
0,9.552
0,9.554
0.005,9.556
0.005,9.558
0.005,9.56
0.005,9.562
0.005,9.564
0.01,9.566
0.015,9.568
0.02,9.57
0.03,9.572
0.035,9.574
0.045,9.576
0.05,9.578
0.055,9.58
0.06,9.582
0.065,9.584
0.065,9.586
0.07,9.588
0.075,9.59
0.075,9.592
0.08,9.594
0.085,9.596
0.09,9.598
0.095,9.6
0.1,9.602
0.105,9.604
0.11,9.606
0.115,9.608
0.12,9.61
0.125,9.612
0.135,9.614
0.14,9.616
0.15,9.618
0.155,9.62
0.16,9.622
0.17,9.624
0.175,9.626
0.18,9.628
0.185,9.63
0.19,9.632
0.195,9.634
0.2,9.636
0.205,9.638
0.205,9.64
0.21,9.642
0.21,9.644
0.21,9.646
0.205,9.648
0.2,9.65
0.195,9.652
0.185,9.654
0.18,9.656
0.18,9.658
0.175,9.66
0.175,9.662
0.175,9.664
0.175,9.666
0.17,9.668
0.16,9.67
0.155,9.672
0.14,9.674
0.125,9.676
0.11,9.678
0.095,9.68
0.08,9.682
0.065,9.684
0.055,9.686
0.045,9.688
0.04,9.69
0.035,9.692
0.03,9.694
0.025,9.696
0.02,9.698
0.02,9.7
0.015,9.702
0.01,9.704
0.005,9.706
0.005,9.708
0,9.71
-0.005,9.712
-0.015,9.714
-0.02,9.716
-0.03,9.718
-0.04,9.72
-0.045,9.722
-0.055,9.724
-0.06,9.726
-0.06,9.728
-0.06,9.73
-0.06,9.732
-0.05,9.734
-0.045,9.736
-0.04,9.738
-0.035,9.74
-0.035,9.742
-0.035,9.744
-0.04,9.746
-0.045,9.748
-0.05,9.75
-0.055,9.752
-0.06,9.754
-0.06,9.756
-0.055,9.758
-0.055,9.76
-0.05,9.762
-0.045,9.764
-0.04,9.766
-0.04,9.768
-0.04,9.77
-0.045,9.772
-0.045,9.774
-0.05,9.776
-0.05,9.778
-0.055,9.78
-0.055,9.782
-0.055,9.784
-0.055,9.786
-0.05,9.788
-0.05,9.79
-0.05,9.792
-0.05,9.794
-0.05,9.796
-0.045,9.798
-0.045,9.8
-0.04,9.802
-0.035,9.804
-0.03,9.806
-0.025,9.808
-0.025,9.81
-0.025,9.812
-0.025,9.814
-0.025,9.816
-0.03,9.818
-0.035,9.82
-0.035,9.822
-0.035,9.824
-0.035,9.826
-0.035,9.828
-0.03,9.83
-0.03,9.832
-0.03,9.834
-0.03,9.836
-0.03,9.838
-0.03,9.84
-0.03,9.842
-0.03,9.844
-0.035,9.846
-0.03,9.848
-0.03,9.85
-0.03,9.852
-0.03,9.854
-0.03,9.856
-0.03,9.858
-0.03,9.86
-0.03,9.862
-0.03,9.864
-0.025,9.866
-0.025,9.868
-0.02,9.87
-0.02,9.872
-0.02,9.874
-0.025,9.876
-0.025,9.878
-0.03,9.88
-0.03,9.882
-0.03,9.884
-0.03,9.886
-0.025,9.888
-0.015,9.89
-0.005,9.892
0.005,9.894
0.02,9.896
0.03,9.898
0.045,9.9
0.055,9.902
0.065,9.904
0.07,9.906
0.08,9.908
0.085,9.91
0.085,9.912
0.09,9.914
0.09,9.916
0.09,9.918
0.085,9.92
0.085,9.922
0.08,9.924
0.08,9.926
0.075,9.928
0.075,9.93
0.08,9.932
0.08,9.934
0.08,9.936
0.08,9.938
0.085,9.94
0.08,9.942
0.08,9.944
0.08,9.946
0.075,9.948
0.075,9.95
0.075,9.952
0.075,9.954
0.08,9.956
0.08,9.958
0.085,9.96
0.09,9.962
0.095,9.964
0.1,9.966
0.105,9.968
0.105,9.97
0.11,9.972
0.105,9.974
0.105,9.976
0.1,9.978
0.1,9.98
0.095,9.982
0.095,9.984
0.095,9.986
0.095,9.988
0.095,9.99
0.095,9.992
0.095,9.994
0.095,9.996
0.095,9.998
